93,93,ok
192,192,ok
119,119,ok
113,113,ok
119,119,ok
119,119,ok
119,119,ok
191,191,ok
113,113,ok
117,119,wrong
119,119,ok
113,113,ok
119,119,ok
192,192,ok
119,119,ok
201,201,ok
119,119,ok
119,119,ok
119,119,ok
119,119,ok
56,174,wrong
174,174,ok
136,174,wrong
115,119,wrong
119,119,ok
119,119,ok
119,119,ok
119,119,ok
119,119,ok
119,119,ok
119,119,ok
119,119,ok
119,119,ok
113,119,wrong
119,119,ok
119,119,ok
119,119,ok
119,119,ok
119,119,ok
119,119,ok
119,119,ok
119,119,ok
119,119,ok
210,210,ok
210,210,ok
210,210,ok
210,210,ok
210,210,ok
210,210,ok
210,210,ok
210,210,ok
210,210,ok
210,210,ok
210,210,ok
210,210,ok
210,210,ok
210,210,ok
210,210,ok
210,210,ok
92,210,wrong
210,210,ok
210,210,ok
210,210,ok
95,95,ok
95,95,ok
95,95,ok
95,95,ok
95,95,ok
73,27,wrong
73,73,ok
73,73,ok
73,73,ok
73,73,ok
73,73,ok
73,73,ok
73,73,ok
73,73,ok
73,73,ok
73,73,ok
73,73,ok
73,73,ok
73,73,ok
18,18,ok
13,21,wrong
18,18,ok
13,21,wrong
29,21,wrong
13,13,ok
13,13,ok
13,12,wrong
12,24,wrong
13,15,wrong
13,33,wrong
13,26,wrong
114,34,wrong
12,12,ok
163,13,wrong
18,24,wrong
27,25,wrong
13,13,ok
13,13,ok
13,34,wrong
174,174,ok
119,119,ok
119,119,ok
193,193,ok
119,119,ok
119,119,ok
174,174,ok
113,113,ok
115,115,ok
96,96,ok
119,119,ok
119,115,wrong
119,119,ok
119,119,ok
115,115,ok
119,119,ok
119,119,ok
119,119,ok
171,171,ok
119,119,ok
119,119,ok
113,113,ok
119,119,ok
119,119,ok
119,119,ok
119,119,ok
119,119,ok
113,113,ok
113,113,ok
113,113,ok
113,113,ok
113,113,ok
113,113,ok
119,119,ok
113,113,ok
113,113,ok
113,113,ok
113,113,ok
113,113,ok
119,119,ok
93,93,ok
119,119,ok
118,118,ok
119,119,ok
96,96,ok
113,113,ok
115,118,wrong
96,96,ok
92,92,ok
119,119,ok
119,119,ok
99,96,wrong
96,96,ok
96,96,ok
119,119,ok
119,119,ok
96,96,ok
96,96,ok
96,96,ok
93,93,ok
189,98,wrong
276,276,ok
276,276,ok
276,276,ok
276,276,ok
113,276,wrong
276,276,ok
96,276,wrong
146,276,wrong
276,276,ok
276,276,ok
215,276,wrong
276,276,ok
276,276,ok
276,276,ok
113,113,ok
113,113,ok
113,113,ok
113,113,ok
113,113,ok
113,113,ok
113,113,ok
113,113,ok
119,113,wrong
113,113,ok
113,113,ok
113,113,ok
113,113,ok
113,113,ok
113,113,ok
113,113,ok
113,113,ok
113,113,ok
113,113,ok
113,113,ok
119,119,ok
113,113,ok
119,119,ok
119,119,ok
119,119,ok
113,113,ok
113,113,ok
119,119,ok
93,93,ok
119,119,ok
119,119,ok
113,113,ok
113,113,ok
113,113,ok
119,119,ok
119,119,ok
92,92,ok
113,113,ok
119,119,ok
93,93,ok
83,83,ok
171,171,ok
126,267,wrong
90,267,wrong
113,113,ok
113,113,ok
73,68,wrong
119,119,ok
119,119,ok
119,119,ok
119,119,ok
119,119,ok
119,119,ok
119,119,ok
119,119,ok
119,119,ok
119,119,ok
119,119,ok
119,119,ok
119,119,ok
119,119,ok
119,119,ok
119,119,ok
119,119,ok
119,119,ok
119,119,ok
119,119,ok
193,193,ok
238,238,ok
193,193,ok
238,238,ok
194,194,ok
238,194,wrong
194,194,ok
238,238,ok
193,193,ok
194,194,ok
238,238,ok
193,193,ok
193,193,ok
238,238,ok
194,194,ok
193,193,ok
238,194,wrong
193,193,ok
201,201,ok
193,193,ok
73,73,ok
73,73,ok
73,73,ok
73,73,ok
73,73,ok
72,73,wrong
119,119,ok
119,119,ok
119,119,ok
115,115,ok
119,119,ok
119,119,ok
119,119,ok
119,119,ok
119,119,ok
119,119,ok
116,116,ok
119,119,ok
119,119,ok
114,116,wrong
114,114,ok
119,119,ok
119,120,wrong
119,119,ok
116,114,wrong
119,114,wrong
119,119,ok
119,119,ok
119,119,ok
119,119,ok
119,119,ok
119,119,ok
119,119,ok
119,119,ok
119,119,ok
119,119,ok
119,119,ok
119,119,ok
119,119,ok
119,119,ok
119,119,ok
119,119,ok
119,119,ok
119,119,ok
119,119,ok
119,119,ok
113,171,wrong
119,119,ok
119,119,ok
119,119,ok
93,92,wrong
119,119,ok
119,119,ok
119,119,ok
119,119,ok
119,119,ok
119,119,ok
119,119,ok
119,119,ok
119,119,ok
119,119,ok
119,119,ok
119,119,ok
120,120,ok
119,119,ok
113,113,ok
119,119,ok
73,73,ok
113,113,ok
113,113,ok
113,113,ok
113,113,ok
113,113,ok
113,113,ok
113,113,ok
113,113,ok
113,113,ok
113,113,ok
113,113,ok
113,113,ok
113,113,ok
113,113,ok
113,113,ok
113,113,ok
119,113,wrong
113,113,ok
113,113,ok
113,113,ok
73,99,wrong
281,108,wrong
194,194,ok
128,194,wrong
194,194,ok
194,194,ok
105,105,ok
103,103,ok
105,105,ok
106,106,ok
105,105,ok
106,106,ok
106,106,ok
105,105,ok
151,105,wrong
105,105,ok
105,105,ok
105,105,ok
105,105,ok
105,105,ok
105,105,ok
106,105,wrong
103,104,wrong
119,119,ok
119,119,ok
119,119,ok
191,113,wrong
58,58,ok
100,100,ok
100,100,ok
100,101,wrong
101,101,ok
101,101,ok
100,100,ok
100,100,ok
88,101,wrong
100,100,ok
100,101,wrong
100,100,ok
100,100,ok
100,101,wrong
101,101,ok
251,101,wrong
100,101,wrong
100,101,wrong
101,101,ok
222,100,wrong
100,101,wrong
119,119,ok
119,119,ok
119,119,ok
119,119,ok
119,119,ok
119,119,ok
119,119,ok
119,119,ok
119,119,ok
119,119,ok
119,119,ok
119,119,ok
119,119,ok
119,119,ok
119,119,ok
119,119,ok
119,119,ok
119,119,ok
119,119,ok
119,119,ok
191,95,wrong
191,192,wrong
113,95,wrong
88,191,wrong
273,191,wrong
188,68,wrong
111,102,wrong
191,191,ok
96,96,ok
191,191,ok
191,191,ok
96,96,ok
96,96,ok
191,191,ok
191,191,ok
191,191,ok
191,191,ok
191,191,ok
96,96,ok
191,191,ok
191,191,ok
96,96,ok
191,191,ok
191,191,ok
191,191,ok
96,96,ok
191,191,ok
276,125,wrong
158,85,wrong
32,32,ok
32,32,ok
119,119,ok
96,96,ok
119,119,ok
119,119,ok
120,120,ok
119,119,ok
119,119,ok
171,174,wrong
119,119,ok
118,118,ok
189,181,wrong
119,119,ok
193,193,ok
119,119,ok
119,119,ok
115,116,wrong
119,119,ok
171,171,ok
119,119,ok
115,115,ok
191,191,ok
58,58,ok
58,58,ok
58,58,ok
58,58,ok
58,58,ok
73,132,wrong
192,192,ok
83,83,ok
96,177,wrong
88,82,wrong
88,88,ok
177,177,ok
215,96,wrong
96,96,ok
82,83,wrong
87,87,ok
88,88,ok
88,88,ok
88,88,ok
85,87,wrong
88,88,ok
96,113,wrong
88,80,wrong
82,87,wrong
82,82,ok
82,88,wrong
82,82,ok
39,39,ok
92,92,ok
115,115,ok
119,121,wrong
114,114,ok
115,115,ok
113,113,ok
114,114,ok
115,115,ok
181,181,ok
175,175,ok
267,156,wrong
32,175,wrong
267,156,wrong
191,273,wrong
119,119,ok
119,119,ok
119,119,ok
119,119,ok
119,119,ok
119,119,ok
119,119,ok
119,119,ok
119,119,ok
119,119,ok
119,119,ok
119,119,ok
119,119,ok
119,119,ok
119,119,ok
119,119,ok
119,119,ok
119,119,ok
119,119,ok
119,119,ok
159,113,wrong
115,115,ok
149,149,ok
149,149,ok
149,149,ok
149,149,ok
113,113,ok
113,113,ok
194,194,ok
194,194,ok
194,194,ok
113,113,ok
113,113,ok
113,113,ok
113,113,ok
201,201,ok
113,88,wrong
113,113,ok
194,194,ok
192,96,wrong
201,201,ok
182,191,wrong
194,114,wrong
194,194,ok
194,194,ok
113,113,ok
119,119,ok
119,119,ok
119,119,ok
119,119,ok
119,119,ok
119,119,ok
119,119,ok
120,120,ok
119,119,ok
119,119,ok
119,119,ok
119,119,ok
180,119,wrong
119,119,ok
119,119,ok
119,119,ok
119,119,ok
119,119,ok
119,119,ok
119,119,ok
35,283,wrong
119,119,ok
119,119,ok
119,119,ok
119,119,ok
119,119,ok
119,119,ok
119,119,ok
119,119,ok
119,119,ok
119,120,wrong
119,119,ok
119,119,ok
119,119,ok
119,119,ok
119,119,ok
119,119,ok
119,119,ok
76,257,wrong
276,252,wrong
119,119,ok
119,119,ok
119,119,ok
119,119,ok
119,119,ok
119,119,ok
119,119,ok
119,119,ok
119,119,ok
119,119,ok
119,119,ok
119,119,ok
119,119,ok
119,119,ok
119,119,ok
119,119,ok
119,119,ok
119,119,ok
119,119,ok
119,119,ok
113,113,ok
113,113,ok
113,113,ok
119,119,ok
113,113,ok
119,119,ok
113,113,ok
113,113,ok
113,113,ok
113,113,ok
119,119,ok
113,113,ok
113,113,ok
119,119,ok
113,113,ok
113,113,ok
113,113,ok
119,119,ok
119,119,ok
113,113,ok
111,111,ok
183,183,ok
281,73,wrong
111,111,ok
66,102,wrong
132,114,wrong
88,88,ok
111,111,ok
213,102,wrong
111,111,ok
102,102,ok
111,111,ok
111,111,ok
111,111,ok
88,88,ok
111,111,ok
209,102,wrong
73,66,wrong
119,119,ok
119,119,ok
119,119,ok
113,113,ok
119,119,ok
119,119,ok
119,119,ok
113,113,ok
119,119,ok
119,119,ok
119,119,ok
119,119,ok
113,113,ok
119,119,ok
113,113,ok
119,119,ok
119,119,ok
119,119,ok
113,113,ok
119,117,wrong
119,119,ok
119,119,ok
119,119,ok
188,119,wrong
119,119,ok
119,119,ok
119,119,ok
119,119,ok
119,119,ok
119,119,ok
119,119,ok
119,119,ok
119,119,ok
119,119,ok
119,119,ok
119,119,ok
119,119,ok
119,119,ok
119,119,ok
119,119,ok
119,119,ok
119,119,ok
119,119,ok
119,119,ok
119,119,ok
119,119,ok
73,57,wrong
47,47,ok
265,129,wrong
128,128,ok
128,157,wrong
129,129,ok
129,149,wrong
128,129,wrong
129,129,ok
128,128,ok
154,129,wrong
129,129,ok
154,129,wrong
129,129,ok
267,129,wrong
154,129,wrong
129,157,wrong
156,157,wrong
129,129,ok
276,129,wrong
106,125,wrong
129,129,ok
269,113,wrong
113,113,ok
113,113,ok
113,113,ok
222,230,wrong
114,114,ok
251,221,wrong
222,234,wrong
271,284,wrong
2,2,ok
230,233,wrong
113,231,wrong
230,221,wrong
174,230,wrong
2,2,ok
54,134,wrong
113,230,wrong
2,2,ok
231,231,ok
230,230,ok
174,230,wrong
145,234,wrong
230,234,wrong
281,281,ok
281,281,ok
281,281,ok
281,281,ok
281,281,ok
281,281,ok
281,281,ok
281,281,ok
281,281,ok
281,281,ok
281,281,ok
281,281,ok
281,281,ok
281,281,ok
281,281,ok
281,281,ok
281,281,ok
281,281,ok
281,281,ok
281,281,ok
154,47,wrong
46,46,ok
46,46,ok
192,191,wrong
269,269,ok
119,119,ok
119,119,ok
191,191,ok
119,119,ok
192,191,wrong
171,171,ok
119,119,ok
119,119,ok
119,119,ok
119,119,ok
119,119,ok
201,191,wrong
191,191,ok
191,191,ok
191,191,ok
95,95,ok
119,119,ok
119,119,ok
113,113,ok
95,95,ok
96,96,ok
119,119,ok
95,96,wrong
119,119,ok
119,119,ok
119,119,ok
119,119,ok
113,113,ok
113,113,ok
69,69,ok
119,119,ok
119,119,ok
119,119,ok
119,119,ok
119,119,ok
119,119,ok
119,119,ok
119,119,ok
128,128,ok
128,128,ok
128,128,ok
128,128,ok
128,128,ok
128,128,ok
128,128,ok
128,128,ok
128,128,ok
128,99,wrong
128,128,ok
128,128,ok
128,128,ok
128,128,ok
128,128,ok
128,99,wrong
128,128,ok
128,128,ok
282,128,wrong
128,128,ok
128,128,ok
128,128,ok
128,128,ok
128,128,ok
128,128,ok
2,128,wrong
127,127,ok
127,127,ok
127,127,ok
127,127,ok
73,127,wrong
127,127,ok
127,127,ok
127,127,ok
127,127,ok
127,127,ok
127,127,ok
73,132,wrong
127,127,ok
127,127,ok
73,132,wrong
281,127,wrong
127,127,ok
127,127,ok
127,127,ok
127,127,ok
251,242,wrong
119,119,ok
192,192,ok
119,119,ok
201,201,ok
113,113,ok
96,96,ok
99,99,ok
4,119,wrong
269,201,wrong
109,109,ok
119,119,ok
119,119,ok
96,96,ok
79,79,ok
119,119,ok
119,119,ok
119,119,ok
171,171,ok
191,191,ok
113,113,ok
132,102,wrong
47,47,ok
47,47,ok
47,47,ok
47,47,ok
47,47,ok
132,132,ok
288,288,ok
4,288,wrong
288,288,ok
288,288,ok
288,288,ok
288,288,ok
288,288,ok
288,288,ok
6,6,ok
173,173,ok
173,173,ok
173,173,ok
173,173,ok
173,174,wrong
173,173,ok
173,173,ok
173,173,ok
173,173,ok
173,173,ok
173,173,ok
173,173,ok
173,173,ok
173,173,ok
173,173,ok
173,173,ok
173,173,ok
173,173,ok
173,173,ok
119,119,ok
113,113,ok
96,96,ok
200,200,ok
200,200,ok
119,119,ok
113,113,ok
120,119,wrong
119,119,ok
119,119,ok
119,119,ok
191,201,wrong
119,119,ok
191,200,wrong
113,113,ok
119,119,ok
119,119,ok
119,115,wrong
113,113,ok
113,113,ok
119,119,ok
119,119,ok
119,119,ok
119,119,ok
119,119,ok
119,119,ok
119,119,ok
119,119,ok
119,119,ok
119,119,ok
119,119,ok
119,119,ok
119,119,ok
119,119,ok
119,119,ok
119,119,ok
119,119,ok
119,119,ok
119,119,ok
119,119,ok
119,119,ok
174,174,ok
109,109,ok
119,120,wrong
119,119,ok
115,119,wrong
119,119,ok
115,119,wrong
113,113,ok
96,96,ok
192,175,wrong
119,119,ok
119,119,ok
119,119,ok
69,71,wrong
113,113,ok
119,119,ok
119,119,ok
119,119,ok
119,119,ok
200,132,wrong
119,119,ok
119,119,ok
113,113,ok
119,119,ok
113,113,ok
119,119,ok
92,115,wrong
113,113,ok
115,115,ok
119,119,ok
115,114,wrong
119,119,ok
119,119,ok
119,119,ok
113,113,ok
119,119,ok
119,119,ok
119,119,ok
119,119,ok
119,119,ok
119,119,ok
119,119,ok
119,119,ok
119,119,ok
119,119,ok
119,119,ok
119,119,ok
119,119,ok
119,119,ok
119,119,ok
119,119,ok
119,119,ok
119,119,ok
119,119,ok
119,119,ok
119,119,ok
119,119,ok
119,119,ok
119,119,ok
73,73,ok
73,73,ok
73,73,ok
73,73,ok
73,73,ok
73,73,ok
73,73,ok
73,73,ok
132,73,wrong
113,113,ok
119,119,ok
96,96,ok
92,92,ok
119,119,ok
119,119,ok
119,119,ok
189,193,wrong
119,119,ok
113,113,ok
70,114,wrong
113,113,ok
238,173,wrong
128,128,ok
200,200,ok
115,119,wrong
119,119,ok
119,119,ok
119,119,ok
119,119,ok
119,119,ok
119,119,ok
119,119,ok
119,119,ok
115,115,ok
109,109,ok
191,192,wrong
113,113,ok
69,114,wrong
119,119,ok
114,114,ok
109,109,ok
113,113,ok
115,119,wrong
119,119,ok
119,119,ok
95,95,ok
119,119,ok
119,119,ok
92,92,ok
119,119,ok
119,119,ok
119,119,ok
92,92,ok
119,119,ok
119,119,ok
119,119,ok
95,95,ok
113,113,ok
119,119,ok
119,119,ok
119,119,ok
269,134,wrong
119,119,ok
119,119,ok
192,192,ok
191,191,ok
115,115,ok
113,113,ok
119,119,ok
119,119,ok
119,119,ok
119,119,ok
113,113,ok
119,119,ok
119,119,ok
115,115,ok
119,119,ok
119,119,ok
113,113,ok
115,115,ok
153,119,wrong
201,269,wrong
113,113,ok
96,96,ok
119,119,ok
119,119,ok
119,119,ok
119,117,wrong
273,137,wrong
119,119,ok
99,99,ok
191,191,ok
113,113,ok
96,96,ok
119,119,ok
119,119,ok
115,189,wrong
96,96,ok
119,117,wrong
113,113,ok
119,119,ok
201,201,ok
119,119,ok
96,96,ok
119,119,ok
174,174,ok
119,92,wrong
115,115,ok
119,119,ok
69,69,ok
192,192,ok
119,113,wrong
119,119,ok
119,119,ok
113,113,ok
119,119,ok
119,119,ok
119,119,ok
119,119,ok
116,116,ok
119,119,ok
119,119,ok
113,113,ok
174,174,ok
173,173,ok
174,174,ok
173,173,ok
173,173,ok
173,175,wrong
173,173,ok
173,173,ok
174,174,ok
174,174,ok
173,173,ok
173,173,ok
173,173,ok
173,173,ok
173,173,ok
173,173,ok
173,173,ok
173,173,ok
173,173,ok
173,175,wrong
200,200,ok
115,115,ok
271,200,wrong
119,119,ok
119,119,ok
119,119,ok
96,96,ok
119,119,ok
119,119,ok
119,119,ok
119,119,ok
113,113,ok
191,191,ok
119,119,ok
113,113,ok
119,119,ok
119,119,ok
120,120,ok
119,119,ok
119,119,ok
119,119,ok
119,119,ok
119,119,ok
119,119,ok
96,96,ok
174,174,ok
119,119,ok
119,119,ok
115,115,ok
119,119,ok
82,87,wrong
119,119,ok
96,96,ok
119,119,ok
96,96,ok
119,119,ok
119,119,ok
119,119,ok
119,119,ok
119,119,ok
119,119,ok
119,119,ok
119,119,ok
115,115,ok
119,119,ok
119,119,ok
119,119,ok
119,119,ok
119,119,ok
119,119,ok
119,119,ok
119,119,ok
119,119,ok
119,119,ok
119,119,ok
119,119,ok
119,119,ok
119,119,ok
119,119,ok
119,119,ok
119,119,ok
119,119,ok
119,119,ok
119,119,ok
119,119,ok
96,96,ok
119,119,ok
119,119,ok
96,96,ok
113,113,ok
119,119,ok
119,119,ok
119,119,ok
119,119,ok
119,119,ok
119,119,ok
119,119,ok
119,119,ok
119,119,ok
119,119,ok
119,120,wrong
119,119,ok
119,119,ok
119,119,ok
113,113,ok
119,119,ok
191,191,ok
121,114,wrong
119,119,ok
119,119,ok
201,191,wrong
95,95,ok
191,191,ok
119,119,ok
119,119,ok
95,95,ok
119,119,ok
191,191,ok
201,201,ok
109,113,wrong
119,119,ok
73,192,wrong
119,119,ok
119,119,ok
119,119,ok
119,119,ok
119,119,ok
119,119,ok
115,119,wrong
119,119,ok
119,119,ok
119,119,ok
119,119,ok
119,119,ok
119,119,ok
119,119,ok
119,119,ok
119,119,ok
119,119,ok
119,119,ok
85,85,ok
119,119,ok
119,115,wrong
120,120,ok
119,119,ok
119,119,ok
119,119,ok
119,119,ok
119,119,ok
119,119,ok
119,119,ok
194,194,ok
119,119,ok
119,119,ok
119,119,ok
119,119,ok
119,119,ok
119,119,ok
119,119,ok
113,113,ok
119,119,ok
119,119,ok
119,119,ok
119,119,ok
119,119,ok
119,119,ok
119,119,ok
119,119,ok
119,119,ok
119,119,ok
119,119,ok
119,119,ok
119,119,ok
119,119,ok
119,119,ok
119,119,ok
119,119,ok
119,119,ok
119,119,ok
119,119,ok
119,119,ok
119,119,ok
119,119,ok
113,113,ok
119,119,ok
119,119,ok
119,119,ok
119,119,ok
119,119,ok
119,119,ok
119,119,ok
119,119,ok
96,96,ok
119,119,ok
119,120,wrong
119,119,ok
92,92,ok
119,119,ok
119,119,ok
119,119,ok
119,119,ok
119,119,ok
119,119,ok
113,113,ok
119,119,ok
119,119,ok
119,119,ok
119,119,ok
115,119,wrong
119,119,ok
113,113,ok
119,119,ok
119,119,ok
119,119,ok
119,119,ok
119,119,ok
119,119,ok
113,113,ok
119,119,ok
119,119,ok
73,268,wrong
96,96,ok
201,201,ok
96,96,ok
109,96,wrong
201,201,ok
96,96,ok
96,96,ok
278,191,wrong
191,191,ok
96,96,ok
201,126,wrong
191,191,ok
191,191,ok
191,191,ok
96,96,ok
200,200,ok
201,201,ok
201,201,ok
201,201,ok
200,200,ok
119,119,ok
200,200,ok
119,119,ok
200,200,ok
95,95,ok
119,119,ok
119,119,ok
96,96,ok
200,200,ok
119,119,ok
115,115,ok
119,119,ok
96,96,ok
95,95,ok
119,119,ok
119,119,ok
200,200,ok
119,119,ok
119,119,ok
95,95,ok
54,54,ok
119,119,ok
119,119,ok
119,119,ok
119,119,ok
119,119,ok
119,119,ok
119,119,ok
119,119,ok
119,119,ok
119,119,ok
119,119,ok
119,119,ok
119,119,ok
93,93,ok
119,119,ok
95,95,ok
119,119,ok
119,119,ok
114,69,wrong
93,65,wrong
174,174,ok
173,173,ok
173,173,ok
167,173,wrong
174,174,ok
173,173,ok
173,175,wrong
173,173,ok
173,173,ok
173,173,ok
175,173,wrong
114,114,ok
119,119,ok
119,119,ok
119,119,ok
113,113,ok
119,119,ok
119,119,ok
119,119,ok
119,119,ok
58,58,ok
119,119,ok
99,96,wrong
109,99,wrong
119,119,ok
119,119,ok
119,119,ok
119,119,ok
119,119,ok
119,119,ok
119,119,ok
113,113,ok
119,119,ok
113,113,ok
119,119,ok
119,119,ok
119,119,ok
119,119,ok
119,119,ok
119,119,ok
119,119,ok
119,119,ok
113,113,ok
113,113,ok
119,119,ok
119,119,ok
119,119,ok
119,119,ok
119,119,ok
119,119,ok
119,119,ok
119,119,ok
201,61,wrong
95,95,ok
119,119,ok
194,194,ok
95,95,ok
119,119,ok
96,96,ok
201,191,wrong
113,113,ok
144,144,ok
109,109,ok
119,119,ok
121,119,wrong
271,268,wrong
113,113,ok
128,128,ok
115,115,ok
119,119,ok
119,119,ok
119,119,ok
119,119,ok
119,119,ok
119,119,ok
119,119,ok
119,119,ok
119,119,ok
119,119,ok
119,119,ok
119,119,ok
119,119,ok
119,119,ok
119,119,ok
119,119,ok
119,119,ok
113,113,ok
119,119,ok
119,119,ok
119,114,wrong
119,119,ok
119,119,ok
119,119,ok
113,113,ok
119,119,ok
113,113,ok
119,119,ok
119,119,ok
200,200,ok
93,93,ok
119,119,ok
113,113,ok
119,119,ok
113,119,wrong
119,119,ok
113,113,ok
119,120,wrong
113,113,ok
119,119,ok
113,113,ok
119,119,ok
96,96,ok
119,119,ok
113,113,ok
118,118,ok
192,194,wrong
144,144,ok
114,114,ok
119,119,ok
113,113,ok
119,119,ok
119,119,ok
119,119,ok
113,113,ok
114,121,wrong
109,109,ok
192,192,ok
119,119,ok
95,95,ok
269,191,wrong
119,119,ok
119,119,ok
119,119,ok
119,119,ok
113,113,ok
119,119,ok
96,96,ok
113,113,ok
119,119,ok
119,119,ok
115,115,ok
93,116,wrong
119,119,ok
119,119,ok
119,119,ok
119,119,ok
92,92,ok
109,109,ok
119,119,ok
119,119,ok
192,192,ok
119,119,ok
191,191,ok
99,88,wrong
119,119,ok
119,119,ok
119,119,ok
119,119,ok
149,117,wrong
119,119,ok
119,119,ok
119,119,ok
119,119,ok
119,119,ok
113,96,wrong
201,201,ok
201,201,ok
119,119,ok
119,119,ok
119,119,ok
119,119,ok
119,119,ok
119,119,ok
119,119,ok
119,119,ok
119,119,ok
113,113,ok
119,119,ok
119,119,ok
109,95,wrong
119,119,ok
119,119,ok
171,119,wrong
119,119,ok
119,119,ok
115,115,ok
119,119,ok
119,119,ok
119,119,ok
114,114,ok
119,119,ok
119,119,ok
119,119,ok
119,119,ok
119,119,ok
119,119,ok
119,119,ok
119,119,ok
119,119,ok
119,119,ok
96,96,ok
119,119,ok
119,119,ok
96,96,ok
119,119,ok
119,119,ok
119,119,ok
174,174,ok
119,119,ok
119,119,ok
119,119,ok
119,119,ok
119,115,wrong
119,119,ok
113,113,ok
121,96,wrong
119,119,ok
119,119,ok
113,113,ok
113,113,ok
128,128,ok
119,119,ok
119,119,ok
116,116,ok
115,115,ok
119,119,ok
119,119,ok
119,119,ok
181,194,wrong
113,113,ok
119,119,ok
114,114,ok
113,113,ok
119,119,ok
113,113,ok
119,119,ok
119,119,ok
113,113,ok
119,119,ok
113,113,ok
119,119,ok
119,119,ok
119,119,ok
96,96,ok
119,119,ok
119,119,ok
119,119,ok
119,119,ok
113,113,ok
119,119,ok
113,113,ok
113,113,ok
119,119,ok
82,82,ok
96,96,ok
119,119,ok
119,119,ok
119,119,ok
119,119,ok
191,119,wrong
119,119,ok
119,119,ok
119,119,ok
119,119,ok
119,119,ok
88,88,ok
119,119,ok
119,119,ok
119,119,ok
96,96,ok
113,113,ok
119,119,ok
200,200,ok
119,119,ok
119,97,wrong
114,114,ok
113,113,ok
114,115,wrong
119,119,ok
115,114,wrong
113,113,ok
119,119,ok
113,113,ok
119,119,ok
119,119,ok
119,119,ok
114,119,wrong
119,119,ok
119,119,ok
113,113,ok
189,189,ok
119,119,ok
119,119,ok
119,119,ok
119,119,ok
119,119,ok
119,119,ok
119,119,ok
119,119,ok
119,119,ok
119,119,ok
119,119,ok
119,119,ok
119,119,ok
119,119,ok
119,119,ok
119,119,ok
119,119,ok
119,119,ok
119,119,ok
119,119,ok
119,119,ok
119,119,ok
119,119,ok
119,119,ok
119,119,ok
119,119,ok
119,119,ok
119,119,ok
119,119,ok
119,119,ok
119,119,ok
115,115,ok
119,119,ok
113,113,ok
119,119,ok
119,119,ok
119,119,ok
113,113,ok
119,119,ok
119,119,ok
119,119,ok
119,119,ok
119,119,ok
119,119,ok
119,119,ok
119,119,ok
113,113,ok
119,119,ok
119,119,ok
119,119,ok
119,119,ok
119,119,ok
119,119,ok
119,119,ok
113,113,ok
119,119,ok
119,119,ok
119,119,ok
119,119,ok
113,113,ok
119,119,ok
113,113,ok
113,113,ok
119,119,ok
109,109,ok
201,200,wrong
119,119,ok
119,119,ok
119,119,ok
119,119,ok
119,119,ok
119,119,ok
119,119,ok
113,113,ok
119,119,ok
119,119,ok
119,119,ok
119,119,ok
119,119,ok
113,113,ok
168,88,wrong
171,171,ok
174,174,ok
171,171,ok
174,171,wrong
174,174,ok
119,119,ok
119,119,ok
119,119,ok
115,117,wrong
113,113,ok
119,119,ok
119,119,ok
119,115,wrong
120,120,ok
119,119,ok
115,115,ok
119,119,ok
119,119,ok
113,113,ok
113,113,ok
119,119,ok
119,119,ok
113,113,ok
119,119,ok
121,114,wrong
119,119,ok
119,119,ok
113,113,ok
119,119,ok
113,113,ok
113,113,ok
119,119,ok
92,92,ok
119,119,ok
113,113,ok
119,119,ok
119,119,ok
119,119,ok
119,119,ok
119,119,ok
113,113,ok
119,119,ok
121,120,wrong
113,113,ok
119,119,ok
119,119,ok
119,119,ok
119,119,ok
115,119,wrong
119,119,ok
119,119,ok
119,119,ok
119,119,ok
119,119,ok
119,118,wrong
119,119,ok
119,119,ok
119,119,ok
119,119,ok
119,119,ok
119,119,ok
93,93,ok
119,119,ok
93,93,ok
119,119,ok
119,119,ok
119,119,ok
119,119,ok
119,119,ok
95,95,ok
96,96,ok
113,113,ok
96,96,ok
119,119,ok
119,119,ok
113,113,ok
119,119,ok
119,119,ok
192,191,wrong
119,119,ok
119,119,ok
119,119,ok
119,119,ok
113,113,ok
119,119,ok
119,119,ok
119,119,ok
113,113,ok
119,119,ok
119,119,ok
92,92,ok
119,119,ok
116,119,wrong
119,119,ok
119,119,ok
93,93,ok
119,121,wrong
194,200,wrong
271,269,wrong
93,119,wrong
238,238,ok
69,69,ok
119,119,ok
119,119,ok
119,119,ok
119,119,ok
119,119,ok
119,119,ok
119,119,ok
119,119,ok
119,119,ok
119,119,ok
119,119,ok
119,119,ok
119,119,ok
119,119,ok
119,119,ok
113,113,ok
119,119,ok
119,119,ok
119,119,ok
119,119,ok
119,119,ok
119,119,ok
96,96,ok
119,119,ok
119,119,ok
113,113,ok
119,119,ok
119,119,ok
200,200,ok
119,119,ok
96,96,ok
109,109,ok
119,119,ok
192,192,ok
93,93,ok
119,119,ok
95,95,ok
119,119,ok
119,119,ok
200,200,ok
119,119,ok
119,119,ok
119,119,ok
119,119,ok
119,119,ok
119,119,ok
119,119,ok
119,119,ok
119,119,ok
119,119,ok
119,119,ok
119,119,ok
119,119,ok
119,119,ok
119,119,ok
119,119,ok
119,119,ok
119,119,ok
119,119,ok
119,119,ok
119,119,ok
119,119,ok
119,119,ok
115,115,ok
119,119,ok
119,119,ok
113,113,ok
119,119,ok
119,119,ok
113,113,ok
119,119,ok
113,113,ok
119,119,ok
119,119,ok
119,119,ok
119,119,ok
119,119,ok
119,119,ok
119,119,ok
119,119,ok
113,113,ok
119,119,ok
119,119,ok
119,119,ok
119,119,ok
119,119,ok
119,119,ok
119,119,ok
113,113,ok
119,119,ok
119,119,ok
119,119,ok
119,120,wrong
119,119,ok
119,119,ok
113,113,ok
119,119,ok
119,119,ok
119,119,ok
113,113,ok
119,119,ok
113,113,ok
119,119,ok
127,125,wrong
113,113,ok
119,119,ok
119,119,ok
119,119,ok
119,119,ok
96,95,wrong
119,119,ok
119,119,ok
119,119,ok
119,119,ok
119,119,ok
119,119,ok
119,119,ok
113,113,ok
119,119,ok
119,119,ok
119,119,ok
113,113,ok
119,119,ok
119,119,ok
119,119,ok
119,115,wrong
96,96,ok
119,119,ok
119,119,ok
119,119,ok
119,119,ok
119,119,ok
95,97,wrong
119,119,ok
119,119,ok
119,119,ok
119,119,ok
119,119,ok
119,119,ok
95,95,ok
113,113,ok
200,200,ok
119,119,ok
96,96,ok
119,119,ok
95,95,ok
119,119,ok
119,119,ok
119,119,ok
119,119,ok
119,119,ok
119,119,ok
113,113,ok
119,119,ok
119,119,ok
276,144,wrong
191,238,wrong
115,119,wrong
119,119,ok
113,113,ok
119,119,ok
119,119,ok
160,144,wrong
119,119,ok
119,119,ok
119,119,ok
119,119,ok
119,119,ok
182,189,wrong
119,119,ok
119,119,ok
115,119,wrong
96,96,ok
119,119,ok
119,119,ok
109,99,wrong
119,119,ok
119,119,ok
119,119,ok
119,121,wrong
119,119,ok
113,113,ok
119,119,ok
113,113,ok
67,111,wrong
119,119,ok
119,119,ok
119,119,ok
119,119,ok
119,119,ok
115,115,ok
119,119,ok
119,119,ok
113,113,ok
115,115,ok
119,119,ok
119,119,ok
115,115,ok
119,119,ok
119,119,ok
119,119,ok
119,119,ok
115,115,ok
119,119,ok
119,119,ok
119,119,ok
119,119,ok
119,119,ok
119,119,ok
174,173,wrong
119,119,ok
119,116,wrong
119,119,ok
119,119,ok
113,113,ok
113,113,ok
119,119,ok
119,119,ok
119,119,ok
119,119,ok
119,119,ok
119,119,ok
119,119,ok
92,92,ok
119,119,ok
119,119,ok
119,119,ok
119,119,ok
201,191,wrong
119,119,ok
119,119,ok
119,119,ok
113,113,ok
119,119,ok
119,119,ok
119,119,ok
119,119,ok
119,119,ok
119,119,ok
113,113,ok
119,119,ok
119,119,ok
113,113,ok
119,119,ok
119,119,ok
113,113,ok
115,119,wrong
119,119,ok
119,119,ok
2,2,ok
119,119,ok
119,119,ok
201,201,ok
119,119,ok
119,119,ok
119,119,ok
119,119,ok
174,174,ok
174,174,ok
96,96,ok
192,192,ok
171,171,ok
119,119,ok
119,119,ok
119,119,ok
113,113,ok
119,119,ok
119,119,ok
119,119,ok
119,119,ok
119,119,ok
194,194,ok
119,119,ok
119,119,ok
201,201,ok
159,238,wrong
119,119,ok
119,119,ok
119,119,ok
119,119,ok
119,119,ok
109,109,ok
191,200,wrong
96,96,ok
119,119,ok
119,119,ok
119,119,ok
119,119,ok
119,119,ok
119,119,ok
119,119,ok
119,119,ok
119,119,ok
119,119,ok
119,119,ok
119,119,ok
119,119,ok
119,119,ok
119,119,ok
119,119,ok
119,119,ok
119,119,ok
119,119,ok
119,119,ok
114,114,ok
115,115,ok
119,119,ok
119,119,ok
119,119,ok
119,119,ok
119,119,ok
119,119,ok
119,119,ok
119,119,ok
119,119,ok
119,119,ok
119,119,ok
119,119,ok
119,119,ok
119,119,ok
119,119,ok
119,119,ok
119,119,ok
119,119,ok
119,119,ok
119,119,ok
119,119,ok
96,96,ok
119,119,ok
119,119,ok
171,171,ok
113,113,ok
119,119,ok
238,191,wrong
191,191,ok
96,113,wrong
96,96,ok
119,119,ok
96,96,ok
119,119,ok
113,113,ok
174,174,ok
115,115,ok
119,119,ok
201,201,ok
119,119,ok
96,96,ok
119,119,ok
119,119,ok
65,65,ok
119,119,ok
119,119,ok
119,119,ok
96,96,ok
96,96,ok
119,119,ok
119,119,ok
95,95,ok
119,119,ok
119,119,ok
96,96,ok
119,119,ok
119,119,ok
119,119,ok
119,119,ok
96,96,ok
96,96,ok
113,113,ok
191,201,wrong
99,99,ok
200,96,wrong
89,177,wrong
194,194,ok
99,99,ok
201,191,wrong
113,113,ok
96,96,ok
113,113,ok
60,60,ok
96,96,ok
113,113,ok
113,119,wrong
96,96,ok
96,96,ok
194,238,wrong
119,120,wrong
119,119,ok
191,191,ok
119,119,ok
191,191,ok
93,92,wrong
119,119,ok
119,116,wrong
119,119,ok
118,118,ok
113,113,ok
171,171,ok
119,119,ok
119,119,ok
238,238,ok
113,113,ok
119,119,ok
113,113,ok
119,119,ok
191,191,ok
119,119,ok
119,119,ok
115,119,wrong
119,119,ok
119,119,ok
113,113,ok
119,119,ok
119,119,ok
119,119,ok
119,119,ok
119,119,ok
119,119,ok
119,119,ok
119,119,ok
119,119,ok
119,119,ok
174,174,ok
119,119,ok
119,119,ok
119,119,ok
113,113,ok
119,119,ok
119,119,ok
113,113,ok
119,119,ok
119,119,ok
119,119,ok
119,119,ok
119,119,ok
119,119,ok
119,119,ok
119,119,ok
119,119,ok
119,119,ok
119,119,ok
113,113,ok
191,191,ok
119,119,ok
119,119,ok
119,119,ok
119,119,ok
92,92,ok
119,119,ok
119,119,ok
119,119,ok
119,119,ok
119,119,ok
119,119,ok
121,119,wrong
119,119,ok
92,92,ok
92,92,ok
119,119,ok
119,119,ok
119,119,ok
92,93,wrong
119,119,ok
119,119,ok
119,119,ok
92,92,ok
119,119,ok
119,119,ok
171,171,ok
119,119,ok
113,113,ok
95,95,ok
96,96,ok
269,269,ok
95,95,ok
119,119,ok
113,113,ok
113,113,ok
188,188,ok
128,128,ok
191,191,ok
119,109,wrong
119,119,ok
119,119,ok
119,119,ok
119,119,ok
119,119,ok
119,119,ok
119,119,ok
119,119,ok
119,119,ok
119,119,ok
119,119,ok
119,119,ok
119,119,ok
119,119,ok
119,119,ok
119,119,ok
119,119,ok
113,113,ok
119,119,ok
119,119,ok
119,119,ok
119,119,ok
119,119,ok
119,119,ok
109,109,ok
113,113,ok
119,119,ok
119,119,ok
119,119,ok
119,119,ok
119,119,ok
119,119,ok
119,119,ok
119,119,ok
119,119,ok
119,119,ok
119,119,ok
119,119,ok
119,119,ok
119,119,ok
119,119,ok
119,119,ok
119,119,ok
119,119,ok
119,119,ok
119,119,ok
119,119,ok
119,119,ok
119,119,ok
119,119,ok
119,119,ok
119,119,ok
113,113,ok
119,119,ok
201,201,ok
119,119,ok
119,119,ok
119,119,ok
119,119,ok
119,119,ok
119,119,ok
119,119,ok
119,119,ok
119,119,ok
119,119,ok
119,119,ok
119,119,ok
113,113,ok
95,95,ok
194,194,ok
96,96,ok
95,95,ok
119,119,ok
114,114,ok
95,95,ok
119,119,ok
115,115,ok
119,119,ok
119,119,ok
191,191,ok
85,85,ok
201,201,ok
39,39,ok
115,119,wrong
113,113,ok
119,119,ok
119,119,ok
119,119,ok
128,128,ok
119,119,ok
119,119,ok
119,119,ok
119,119,ok
119,119,ok
119,119,ok
119,119,ok
119,119,ok
128,128,ok
191,269,wrong
119,119,ok
113,113,ok
119,119,ok
119,119,ok
119,119,ok
119,119,ok
119,119,ok
201,201,ok
119,119,ok
119,119,ok
271,191,wrong
119,119,ok
113,113,ok
119,119,ok
119,119,ok
119,119,ok
119,119,ok
191,191,ok
115,115,ok
119,119,ok
119,119,ok
119,119,ok
119,119,ok
119,119,ok
119,119,ok
119,119,ok
119,119,ok
119,119,ok
119,119,ok
119,119,ok
119,119,ok
119,119,ok
119,119,ok
119,119,ok
119,119,ok
119,119,ok
119,119,ok
119,119,ok
119,119,ok
119,119,ok
173,173,ok
119,119,ok
119,119,ok
119,119,ok
119,119,ok
119,119,ok
119,119,ok
119,119,ok
119,119,ok
119,119,ok
119,119,ok
119,119,ok
119,119,ok
119,119,ok
119,119,ok
119,119,ok
119,119,ok
119,119,ok
119,119,ok
119,119,ok
119,119,ok
119,119,ok
119,119,ok
119,119,ok
119,119,ok
119,119,ok
119,119,ok
119,119,ok
119,119,ok
119,119,ok
119,119,ok
113,113,ok
119,119,ok
119,119,ok
119,119,ok
119,119,ok
119,119,ok
119,119,ok
119,119,ok
119,119,ok
119,119,ok
119,119,ok
119,119,ok
119,119,ok
119,119,ok
119,120,wrong
119,119,ok
128,128,ok
113,113,ok
96,144,wrong
113,113,ok
119,119,ok
119,119,ok
119,119,ok
113,113,ok
119,119,ok
119,119,ok
119,119,ok
119,119,ok
119,119,ok
119,119,ok
119,119,ok
119,119,ok
119,119,ok
119,119,ok
119,119,ok
119,119,ok
119,119,ok
119,119,ok
119,119,ok
119,119,ok
119,119,ok
119,119,ok
119,119,ok
119,119,ok
119,119,ok
119,119,ok
119,119,ok
119,119,ok
119,119,ok
119,119,ok
173,173,ok
173,173,ok
173,173,ok
119,119,ok
115,115,ok
119,119,ok
96,113,wrong
113,113,ok
119,119,ok
119,119,ok
119,119,ok
115,115,ok
113,113,ok
119,119,ok
119,119,ok
119,119,ok
119,119,ok
119,119,ok
119,119,ok
119,119,ok
119,119,ok
113,113,ok
113,113,ok
119,119,ok
119,119,ok
267,191,wrong
191,191,ok
119,119,ok
191,144,wrong
116,116,ok
119,119,ok
115,115,ok
119,119,ok
119,119,ok
109,109,ok
194,194,ok
191,191,ok
113,113,ok
119,119,ok
96,96,ok
201,201,ok
92,92,ok
39,39,ok
119,119,ok
119,119,ok
119,119,ok
119,119,ok
119,119,ok
119,119,ok
119,119,ok
119,119,ok
119,119,ok
113,113,ok
119,119,ok
119,119,ok
119,119,ok
119,119,ok
119,119,ok
119,119,ok
119,119,ok
119,119,ok
119,119,ok
119,119,ok
113,113,ok
119,119,ok
119,120,wrong
119,119,ok
119,119,ok
200,200,ok
201,201,ok
191,191,ok
200,200,ok
119,93,wrong
119,119,ok
113,113,ok
93,93,ok
118,115,wrong
96,96,ok
200,200,ok
191,191,ok
119,119,ok
269,191,wrong
119,119,ok
119,119,ok
119,119,ok
115,115,ok
119,119,ok
119,119,ok
119,119,ok
119,119,ok
119,119,ok
119,119,ok
119,119,ok
119,119,ok
119,119,ok
119,119,ok
119,115,wrong
119,119,ok
119,119,ok
119,119,ok
119,117,wrong
119,119,ok
119,119,ok
119,119,ok
119,119,ok
119,119,ok
119,119,ok
119,119,ok
119,119,ok
119,119,ok
115,117,wrong
119,119,ok
119,119,ok
119,119,ok
119,119,ok
119,119,ok
119,119,ok
121,89,wrong
119,119,ok
113,113,ok
119,119,ok
119,119,ok
119,119,ok
119,119,ok
119,119,ok
119,119,ok
69,114,wrong
119,119,ok
92,114,wrong
119,119,ok
119,119,ok
119,119,ok
119,119,ok
119,119,ok
119,119,ok
119,119,ok
119,119,ok
119,119,ok
96,96,ok
119,119,ok
119,119,ok
119,119,ok
119,119,ok
119,119,ok
119,119,ok
119,119,ok
119,119,ok
119,119,ok
119,119,ok
119,119,ok
119,119,ok
119,119,ok
119,119,ok
119,119,ok
119,119,ok
119,119,ok
119,119,ok
119,119,ok
119,119,ok
119,119,ok
119,119,ok
119,119,ok
119,119,ok
113,113,ok
113,113,ok
119,119,ok
113,113,ok
119,119,ok
119,119,ok
119,119,ok
113,113,ok
93,93,ok
99,119,wrong
115,115,ok
119,119,ok
109,109,ok
119,119,ok
113,113,ok
96,96,ok
119,119,ok
119,119,ok
171,171,ok
113,113,ok
119,119,ok
119,119,ok
191,201,wrong
119,119,ok
113,113,ok
119,119,ok
119,115,wrong
201,201,ok
191,201,wrong
119,119,ok
119,119,ok
119,119,ok
119,119,ok
119,119,ok
119,119,ok
119,119,ok
119,119,ok
119,113,wrong
201,201,ok
119,119,ok
119,119,ok
119,119,ok
88,103,wrong
113,113,ok
109,109,ok
115,119,wrong
119,119,ok
200,200,ok
109,109,ok
119,119,ok
119,119,ok
119,119,ok
171,171,ok
113,113,ok
113,113,ok
113,113,ok
115,115,ok
109,109,ok
109,109,ok
115,115,ok
119,119,ok
120,188,wrong
119,119,ok
119,119,ok
120,120,ok
113,113,ok
171,177,wrong
113,113,ok
119,119,ok
171,171,ok
92,92,ok
119,99,wrong
95,95,ok
119,119,ok
119,119,ok
119,119,ok
171,171,ok
119,119,ok
119,119,ok
119,119,ok
119,119,ok
113,113,ok
115,115,ok
119,119,ok
119,119,ok
119,119,ok
119,119,ok
119,119,ok
119,119,ok
119,119,ok
119,119,ok
119,119,ok
119,119,ok
119,119,ok
119,119,ok
119,119,ok
119,119,ok
119,119,ok
119,119,ok
113,113,ok
95,95,ok
95,95,ok
119,119,ok
171,171,ok
119,119,ok
200,200,ok
174,174,ok
95,95,ok
119,119,ok
171,171,ok
171,171,ok
96,96,ok
95,95,ok
113,113,ok
119,119,ok
171,171,ok
113,113,ok
113,85,wrong
201,194,wrong
171,171,ok
119,119,ok
95,95,ok
119,119,ok
119,119,ok
119,119,ok
119,119,ok
119,119,ok
119,119,ok
119,119,ok
119,119,ok
95,95,ok
119,119,ok
119,119,ok
119,119,ok
119,119,ok
119,119,ok
119,119,ok
119,119,ok
119,119,ok
119,119,ok
119,119,ok
119,119,ok
119,119,ok
119,119,ok
114,114,ok
113,113,ok
118,118,ok
119,119,ok
113,113,ok
119,119,ok
120,120,ok
113,113,ok
119,119,ok
119,119,ok
113,113,ok
119,119,ok
119,119,ok
200,200,ok
119,119,ok
119,119,ok
119,119,ok
119,119,ok
113,113,ok
119,119,ok
119,119,ok
119,119,ok
119,119,ok
119,119,ok
119,119,ok
119,119,ok
119,119,ok
119,119,ok
119,119,ok
119,119,ok
113,113,ok
119,119,ok
119,119,ok
119,119,ok
119,115,wrong
119,119,ok
119,119,ok
119,119,ok
119,119,ok
119,119,ok
119,119,ok
119,119,ok
119,119,ok
119,119,ok
119,119,ok
119,119,ok
119,119,ok
119,119,ok
119,119,ok
119,119,ok
119,119,ok
119,119,ok
119,119,ok
119,119,ok
119,119,ok
119,119,ok
119,119,ok
119,119,ok
119,119,ok
119,119,ok
119,119,ok
200,200,ok
119,119,ok
119,119,ok
119,119,ok
119,119,ok
119,119,ok
119,119,ok
119,119,ok
119,119,ok
119,119,ok
119,119,ok
119,119,ok
119,119,ok
119,119,ok
119,119,ok
119,119,ok
191,83,wrong
119,119,ok
119,119,ok
192,128,wrong
119,119,ok
119,119,ok
119,119,ok
119,119,ok
119,119,ok
119,119,ok
115,119,wrong
99,192,wrong
96,96,ok
120,120,ok
119,119,ok
273,96,wrong
191,191,ok
119,119,ok
115,117,wrong
119,119,ok
119,119,ok
119,119,ok
119,119,ok
119,119,ok
119,119,ok
119,119,ok
119,119,ok
119,119,ok
119,119,ok
119,119,ok
119,119,ok
119,119,ok
119,119,ok
119,119,ok
119,119,ok
119,119,ok
119,119,ok
119,119,ok
119,119,ok
72,72,ok
119,119,ok
113,113,ok
119,119,ok
72,72,ok
119,115,wrong
119,119,ok
119,119,ok
119,119,ok
119,119,ok
119,119,ok
72,72,ok
119,119,ok
119,119,ok
119,119,ok
113,113,ok
119,119,ok
119,119,ok
119,119,ok
119,119,ok
119,119,ok
119,119,ok
119,119,ok
119,119,ok
119,119,ok
119,119,ok
119,119,ok
119,119,ok
119,119,ok
119,119,ok
119,119,ok
119,119,ok
119,119,ok
119,119,ok
119,119,ok
119,119,ok
119,119,ok
119,119,ok
119,119,ok
119,119,ok
119,119,ok
119,119,ok
119,119,ok
119,119,ok
119,119,ok
119,119,ok
119,119,ok
119,119,ok
119,119,ok
119,119,ok
119,119,ok
119,119,ok
119,119,ok
119,119,ok
119,119,ok
119,119,ok
119,119,ok
119,119,ok
119,119,ok
119,119,ok
119,119,ok
119,119,ok
119,119,ok
119,119,ok
119,119,ok
113,113,ok
115,115,ok
119,119,ok
119,119,ok
119,119,ok
119,119,ok
119,119,ok
119,119,ok
113,113,ok
119,119,ok
119,119,ok
119,119,ok
119,119,ok
113,113,ok
119,119,ok
119,119,ok
115,115,ok
113,113,ok
119,119,ok
113,113,ok
119,119,ok
113,113,ok
174,82,wrong
119,115,wrong
201,201,ok
201,201,ok
119,119,ok
119,119,ok
113,113,ok
119,119,ok
115,119,wrong
113,113,ok
119,119,ok
119,119,ok
118,119,wrong
119,119,ok
119,119,ok
119,119,ok
113,113,ok
96,96,ok
120,120,ok
119,119,ok
119,119,ok
119,119,ok
113,113,ok
119,96,wrong
119,119,ok
119,119,ok
113,113,ok
119,119,ok
119,119,ok
119,119,ok
113,113,ok
119,119,ok
119,119,ok
113,113,ok
113,113,ok
113,113,ok
115,189,wrong
95,95,ok
113,113,ok
96,96,ok
96,96,ok
109,96,wrong
69,69,ok
95,95,ok
113,95,wrong
99,109,wrong
113,113,ok
119,119,ok
58,58,ok
113,113,ok
96,96,ok
99,99,ok
96,82,wrong
109,109,ok
96,96,ok
96,96,ok
113,113,ok
200,200,ok
115,115,ok
119,119,ok
119,119,ok
114,69,wrong
119,119,ok
119,119,ok
119,119,ok
191,191,ok
119,119,ok
96,96,ok
191,189,wrong
200,200,ok
238,238,ok
119,119,ok
115,115,ok
191,191,ok
113,113,ok
171,171,ok
119,119,ok
119,119,ok
119,119,ok
119,119,ok
119,119,ok
119,119,ok
119,119,ok
119,119,ok
119,119,ok
119,119,ok
119,119,ok
119,119,ok
119,119,ok
119,119,ok
119,119,ok
119,119,ok
119,119,ok
119,119,ok
119,119,ok
119,119,ok
144,144,ok
119,119,ok
119,119,ok
96,96,ok
119,119,ok
113,113,ok
119,119,ok
96,96,ok
96,96,ok
93,93,ok
113,113,ok
191,191,ok
191,191,ok
119,119,ok
171,171,ok
200,201,wrong
113,113,ok
119,119,ok
119,119,ok
188,188,ok
119,119,ok
119,119,ok
119,119,ok
119,119,ok
119,119,ok
119,119,ok
119,119,ok
119,119,ok
113,113,ok
119,119,ok
119,119,ok
119,119,ok
119,119,ok
119,119,ok
119,119,ok
119,119,ok
191,191,ok
119,119,ok
119,119,ok
119,119,ok
119,119,ok
119,119,ok
119,119,ok
119,115,wrong
119,119,ok
119,119,ok
119,119,ok
119,119,ok
119,119,ok
119,119,ok
119,119,ok
115,115,ok
119,119,ok
119,119,ok
113,113,ok
119,119,ok
119,119,ok
113,113,ok
119,119,ok
113,113,ok
113,113,ok
119,119,ok
119,119,ok
113,113,ok
119,119,ok
119,119,ok
119,119,ok
119,119,ok
119,119,ok
119,119,ok
119,119,ok
93,93,ok
119,119,ok
119,119,ok
113,113,ok
119,119,ok
119,119,ok
119,119,ok
119,119,ok
119,119,ok
113,113,ok
119,119,ok
119,119,ok
119,119,ok
96,96,ok
113,113,ok
96,96,ok
113,113,ok
113,113,ok
119,119,ok
119,119,ok
113,113,ok
119,119,ok
119,119,ok
119,119,ok
113,113,ok
119,119,ok
119,119,ok
119,119,ok
119,119,ok
151,122,wrong
283,122,wrong
228,73,wrong
251,222,wrong
29,19,wrong
111,103,wrong
122,222,wrong
19,19,ok
96,96,ok
73,268,wrong
151,165,wrong
217,168,wrong
111,111,ok
111,111,ok
111,111,ok
182,191,wrong
267,276,wrong
276,287,wrong
101,100,wrong
100,101,wrong
101,101,ok
100,101,wrong
100,101,wrong
100,101,wrong
100,100,ok
100,100,ok
100,100,ok
100,101,wrong
100,100,ok
101,101,ok
100,100,ok
100,100,ok
100,101,wrong
100,100,ok
100,100,ok
101,100,wrong
100,100,ok
100,100,ok
121,80,wrong
273,82,wrong
174,174,ok
174,174,ok
77,59,wrong
54,60,wrong
41,58,wrong
54,54,ok
54,54,ok
54,54,ok
54,55,wrong
54,54,ok
54,56,wrong
56,54,wrong
54,54,ok
54,54,ok
54,54,ok
54,54,ok
54,54,ok
54,54,ok
54,54,ok
41,54,wrong
54,54,ok
215,60,wrong
54,54,ok
95,95,ok
95,95,ok
95,95,ok
95,95,ok
95,95,ok
95,95,ok
95,95,ok
95,95,ok
95,95,ok
95,95,ok
95,95,ok
95,95,ok
95,95,ok
113,113,ok
113,113,ok
113,113,ok
113,113,ok
113,113,ok
113,113,ok
113,113,ok
113,113,ok
113,113,ok
113,113,ok
113,113,ok
113,113,ok
113,113,ok
113,113,ok
113,113,ok
113,113,ok
113,113,ok
113,113,ok
113,113,ok
113,113,ok
96,96,ok
96,96,ok
96,96,ok
119,119,ok
119,119,ok
96,96,ok
119,119,ok
119,119,ok
115,115,ok
119,119,ok
119,119,ok
113,113,ok
119,119,ok
119,119,ok
119,119,ok
119,119,ok
119,119,ok
119,119,ok
119,119,ok
119,119,ok
136,113,wrong
213,191,wrong
213,215,wrong
213,215,wrong
264,264,ok
264,264,ok
264,264,ok
8,264,wrong
264,256,wrong
264,264,ok
264,264,ok
264,252,wrong
119,119,ok
113,113,ok
113,113,ok
276,276,ok
119,119,ok
119,119,ok
113,113,ok
113,113,ok
119,119,ok
119,119,ok
113,113,ok
119,119,ok
113,113,ok
113,113,ok
119,119,ok
119,119,ok
192,192,ok
113,113,ok
276,276,ok
109,39,wrong
105,105,ok
106,126,wrong
103,103,ok
283,106,wrong
103,103,ok
105,105,ok
105,105,ok
106,106,ok
105,105,ok
103,105,wrong
105,105,ok
106,106,ok
103,103,ok
105,105,ok
105,105,ok
105,105,ok
105,102,wrong
106,106,ok
105,105,ok
105,105,ok
267,267,ok
154,222,wrong
222,222,ok
99,222,wrong
222,222,ok
222,222,ok
222,222,ok
32,222,wrong
222,222,ok
222,222,ok
213,222,wrong
251,222,wrong
184,192,wrong
251,222,wrong
222,222,ok
222,222,ok
35,222,wrong
251,222,wrong
222,222,ok
29,29,ok
177,29,wrong
171,171,ok
239,183,wrong
174,174,ok
113,113,ok
119,119,ok
171,171,ok
95,95,ok
121,119,wrong
119,119,ok
171,171,ok
119,119,ok
113,113,ok
119,119,ok
119,119,ok
276,276,ok
119,119,ok
276,276,ok
119,119,ok
113,113,ok
276,276,ok
115,115,ok
113,113,ok
119,119,ok
119,119,ok
191,79,wrong
119,119,ok
113,113,ok
119,119,ok
201,201,ok
119,119,ok
119,119,ok
119,119,ok
119,119,ok
119,119,ok
119,119,ok
115,115,ok
95,95,ok
192,192,ok
119,119,ok
119,119,ok
119,119,ok
119,119,ok
191,188,wrong
119,119,ok
115,115,ok
119,119,ok
119,119,ok
96,96,ok
119,119,ok
188,188,ok
115,115,ok
116,126,wrong
113,113,ok
119,119,ok
119,119,ok
119,119,ok
171,171,ok
117,119,wrong
119,119,ok
115,115,ok
276,202,wrong
177,148,wrong
158,158,ok
158,158,ok
158,158,ok
158,158,ok
158,158,ok
158,158,ok
191,158,wrong
35,151,wrong
222,251,wrong
106,213,wrong
249,249,ok
213,213,ok
251,208,wrong
206,213,wrong
213,251,wrong
222,125,wrong
52,213,wrong
251,224,wrong
249,249,ok
213,202,wrong
136,174,wrong
69,221,wrong
119,119,ok
119,119,ok
119,119,ok
119,119,ok
119,119,ok
119,119,ok
119,119,ok
119,119,ok
119,119,ok
119,119,ok
119,119,ok
119,119,ok
119,119,ok
119,119,ok
119,119,ok
119,119,ok
119,119,ok
119,119,ok
119,119,ok
119,119,ok
119,119,ok
119,119,ok
119,119,ok
119,119,ok
119,119,ok
120,119,wrong
119,119,ok
119,119,ok
119,119,ok
119,119,ok
119,119,ok
119,119,ok
119,119,ok
119,119,ok
119,119,ok
119,119,ok
119,119,ok
119,119,ok
119,119,ok
119,119,ok
273,273,ok
180,180,ok
96,96,ok
273,273,ok
259,178,wrong
180,180,ok
273,273,ok
273,273,ok
273,273,ok
273,273,ok
180,178,wrong
180,180,ok
171,273,wrong
188,178,wrong
96,96,ok
181,180,wrong
174,174,ok
105,168,wrong
132,37,wrong
168,54,wrong
54,54,ok
191,168,wrong
54,132,wrong
174,174,ok
44,44,ok
44,44,ok
151,37,wrong
113,113,ok
113,113,ok
113,113,ok
113,113,ok
113,113,ok
113,113,ok
113,113,ok
113,113,ok
113,113,ok
85,85,ok
113,113,ok
113,113,ok
113,113,ok
113,113,ok
113,113,ok
191,273,wrong
119,119,ok
119,119,ok
119,119,ok
119,119,ok
119,119,ok
119,119,ok
119,119,ok
119,119,ok
119,119,ok
119,119,ok
119,119,ok
119,119,ok
119,119,ok
119,119,ok
119,119,ok
119,119,ok
119,119,ok
119,119,ok
119,119,ok
119,119,ok
6,255,wrong
194,194,ok
194,194,ok
194,194,ok
251,204,wrong
161,161,ok
161,161,ok
115,161,wrong
147,161,wrong
161,161,ok
161,161,ok
161,161,ok
119,161,wrong
161,161,ok
161,161,ok
161,161,ok
96,161,wrong
161,161,ok
161,161,ok
161,161,ok
161,161,ok
161,161,ok
156,161,wrong
161,161,ok
161,161,ok
147,136,wrong
202,136,wrong
271,268,wrong
58,136,wrong
276,276,ok
275,275,ok
275,275,ok
202,272,wrong
79,273,wrong
271,136,wrong
191,273,wrong
273,270,wrong
2,269,wrong
109,274,wrong
268,273,wrong
96,277,wrong
271,136,wrong
272,275,wrong
119,119,ok
119,119,ok
119,119,ok
119,119,ok
119,119,ok
119,119,ok
119,119,ok
119,119,ok
119,119,ok
119,119,ok
119,119,ok
119,119,ok
119,119,ok
119,119,ok
119,119,ok
119,119,ok
119,119,ok
119,119,ok
119,119,ok
119,119,ok
100,100,ok
101,100,wrong
101,101,ok
100,100,ok
100,100,ok
100,100,ok
100,100,ok
100,100,ok
100,100,ok
100,100,ok
101,100,wrong
100,100,ok
100,100,ok
100,100,ok
100,100,ok
100,100,ok
100,100,ok
100,100,ok
100,100,ok
100,100,ok
119,119,ok
119,119,ok
119,119,ok
119,119,ok
119,119,ok
119,119,ok
119,119,ok
119,119,ok
119,119,ok
119,119,ok
119,119,ok
119,119,ok
119,119,ok
119,119,ok
119,119,ok
119,119,ok
119,119,ok
119,119,ok
119,119,ok
119,119,ok
102,106,wrong
119,119,ok
119,119,ok
119,119,ok
119,119,ok
119,119,ok
119,119,ok
119,119,ok
119,119,ok
119,119,ok
119,119,ok
119,119,ok
119,119,ok
115,115,ok
119,119,ok
119,119,ok
115,115,ok
119,119,ok
119,119,ok
119,119,ok
119,119,ok
19,19,ok
19,19,ok
19,19,ok
276,201,wrong
73,73,ok
57,73,wrong
113,202,wrong
119,119,ok
29,29,ok
29,174,wrong
29,29,ok
29,174,wrong
29,29,ok
29,171,wrong
90,90,ok
119,119,ok
119,119,ok
119,119,ok
119,119,ok
119,119,ok
119,119,ok
119,119,ok
119,119,ok
119,119,ok
119,120,wrong
119,119,ok
119,119,ok
119,119,ok
93,90,wrong
119,119,ok
119,119,ok
119,119,ok
92,90,wrong
119,119,ok
118,119,wrong
119,119,ok
115,115,ok
119,119,ok
119,119,ok
115,119,wrong
115,115,ok
115,115,ok
119,119,ok
119,117,wrong
119,118,wrong
119,118,wrong
115,117,wrong
115,115,ok
115,115,ok
119,119,ok
119,119,ok
119,119,ok
115,115,ok
117,117,ok
283,283,ok
128,283,wrong
128,283,wrong
283,283,ok
283,283,ok
84,283,wrong
267,267,ok
267,267,ok
128,267,wrong
267,267,ok
267,267,ok
267,267,ok
267,267,ok
267,267,ok
251,267,wrong
267,267,ok
267,267,ok
267,267,ok
267,267,ok
267,267,ok
267,267,ok
267,267,ok
267,267,ok
267,267,ok
267,267,ok
52,267,wrong
102,102,ok
102,102,ok
102,102,ok
102,102,ok
102,102,ok
102,102,ok
223,2,wrong
161,161,ok
168,181,wrong
158,154,wrong
92,90,wrong
119,119,ok
175,181,wrong
150,159,wrong
39,39,ok
150,113,wrong
39,39,ok
96,96,ok
181,181,ok
273,146,wrong
105,179,wrong
119,144,wrong
154,181,wrong
119,119,ok
158,161,wrong
113,113,ok
159,159,ok
96,96,ok
111,191,wrong
273,159,wrong
113,88,wrong
96,215,wrong
70,96,wrong
174,174,ok
84,99,wrong
174,174,ok
96,96,ok
96,96,ok
19,19,ok
96,96,ok
96,96,ok
96,96,ok
32,215,wrong
96,96,ok
117,96,wrong
96,95,wrong
92,92,ok
92,92,ok
156,92,wrong
93,92,wrong
92,92,ok
271,92,wrong
92,92,ok
196,92,wrong
73,92,wrong
191,92,wrong
92,92,ok
73,92,wrong
92,92,ok
132,132,ok
132,132,ok
132,132,ok
132,132,ok
132,132,ok
132,132,ok
132,132,ok
132,132,ok
132,132,ok
132,132,ok
132,132,ok
132,132,ok
132,132,ok
132,132,ok
132,132,ok
132,132,ok
132,132,ok
132,132,ok
132,132,ok
132,132,ok
103,103,ok
103,103,ok
103,103,ok
103,103,ok
103,103,ok
103,103,ok
103,103,ok
103,103,ok
103,103,ok
103,103,ok
103,103,ok
103,103,ok
103,103,ok
103,103,ok
103,103,ok
103,103,ok
103,103,ok
103,103,ok
103,103,ok
103,103,ok
49,49,ok
49,49,ok
49,49,ok
47,49,wrong
47,49,wrong
73,73,ok
251,158,wrong
158,285,wrong
95,95,ok
95,95,ok
95,95,ok
95,95,ok
95,95,ok
95,95,ok
95,95,ok
95,95,ok
95,95,ok
95,95,ok
95,95,ok
95,95,ok
95,95,ok
95,95,ok
95,95,ok
95,95,ok
95,95,ok
95,95,ok
95,95,ok
95,95,ok
191,191,ok
95,95,ok
102,102,ok
102,102,ok
102,102,ok
102,102,ok
102,102,ok
102,102,ok
102,102,ok
102,102,ok
102,102,ok
102,102,ok
102,102,ok
102,102,ok
102,102,ok
102,102,ok
102,102,ok
102,102,ok
102,102,ok
102,102,ok
102,102,ok
102,102,ok
253,262,wrong
262,262,ok
262,263,wrong
174,262,wrong
259,259,ok
259,262,wrong
262,262,ok
183,240,wrong
262,262,ok
180,259,wrong
206,262,wrong
224,154,wrong
119,154,wrong
222,154,wrong
158,154,wrong
154,154,ok
158,123,wrong
129,154,wrong
96,180,wrong
267,154,wrong
52,154,wrong
251,154,wrong
51,154,wrong
251,154,wrong
215,215,ok
158,154,wrong
222,154,wrong
150,154,wrong
273,154,wrong
128,154,wrong
39,154,wrong
224,222,wrong
105,222,wrong
196,196,ok
196,196,ok
196,196,ok
196,196,ok
195,196,wrong
196,222,wrong
196,196,ok
196,196,ok
196,196,ok
196,196,ok
196,222,wrong
196,196,ok
196,196,ok
196,196,ok
195,196,wrong
196,196,ok
196,196,ok
158,195,wrong
196,209,wrong
196,196,ok
92,40,wrong
49,47,wrong
151,156,wrong
215,156,wrong
92,156,wrong
129,156,wrong
194,212,wrong
128,128,ok
27,128,wrong
128,128,ok
128,128,ok
128,128,ok
128,128,ok
128,128,ok
128,128,ok
72,128,wrong
128,128,ok
128,128,ok
128,128,ok
128,128,ok
128,128,ok
128,128,ok
128,128,ok
192,191,wrong
182,187,wrong
136,188,wrong
171,191,wrong
183,183,ok
95,191,wrong
191,191,ok
174,171,wrong
191,191,ok
215,191,wrong
191,191,ok
183,191,wrong
183,183,ok
191,191,ok
188,187,wrong
29,171,wrong
191,191,ok
183,183,ok
96,191,wrong
70,187,wrong
191,191,ok
191,191,ok
191,191,ok
136,191,wrong
191,191,ok
83,112,wrong
194,238,wrong
119,119,ok
119,119,ok
119,115,wrong
88,88,ok
174,188,wrong
119,119,ok
93,82,wrong
201,201,ok
95,95,ok
96,96,ok
144,144,ok
136,95,wrong
96,96,ok
192,191,wrong
93,93,ok
113,113,ok
119,119,ok
119,119,ok
208,197,wrong
196,208,wrong
222,206,wrong
259,197,wrong
196,196,ok
150,208,wrong
208,197,wrong
196,72,wrong
82,197,wrong
202,196,wrong
208,196,wrong
210,200,wrong
208,196,wrong
210,196,wrong
278,208,wrong
196,208,wrong
197,196,wrong
276,206,wrong
200,200,ok
216,208,wrong
196,196,ok
196,196,ok
196,196,ok
196,196,ok
196,196,ok
196,196,ok
196,196,ok
196,196,ok
196,196,ok
196,196,ok
196,196,ok
196,196,ok
196,196,ok
196,196,ok
196,196,ok
196,196,ok
196,196,ok
196,196,ok
196,196,ok
196,196,ok
92,156,wrong
171,96,wrong
267,279,wrong
68,68,ok
96,148,wrong
140,148,wrong
154,148,wrong
155,148,wrong
217,148,wrong
73,73,ok
180,96,wrong
96,96,ok
96,96,ok
119,119,ok
119,120,wrong
119,119,ok
120,119,wrong
119,119,ok
119,119,ok
119,119,ok
113,113,ok
119,119,ok
119,115,wrong
113,113,ok
60,60,ok
113,113,ok
119,119,ok
119,119,ok
96,96,ok
119,119,ok
113,113,ok
120,120,ok
185,185,ok
185,185,ok
185,185,ok
185,185,ok
185,185,ok
185,185,ok
185,185,ok
185,185,ok
185,185,ok
185,185,ok
185,185,ok
185,185,ok
185,185,ok
185,185,ok
185,185,ok
185,185,ok
185,185,ok
185,185,ok
185,185,ok
185,185,ok
46,46,ok
191,80,wrong
191,79,wrong
119,119,ok
98,69,wrong
121,121,ok
119,119,ok
73,73,ok
73,269,wrong
114,114,ok
119,119,ok
119,119,ok
121,121,ok
113,113,ok
116,68,wrong
68,114,wrong
191,269,wrong
96,96,ok
118,118,ok
115,115,ok
121,121,ok
119,119,ok
68,69,wrong
156,150,wrong
44,150,wrong
282,35,wrong
119,35,wrong
37,35,wrong
2,3,wrong
10,0,wrong
2,2,ok
158,2,wrong
2,2,ok
217,0,wrong
213,213,ok
213,213,ok
213,213,ok
213,216,wrong
213,213,ok
213,213,ok
213,213,ok
200,213,wrong
111,213,wrong
213,213,ok
213,213,ok
213,213,ok
213,213,ok
96,213,wrong
47,47,ok
177,174,wrong
174,174,ok
47,174,wrong
174,174,ok
174,174,ok
267,174,wrong
174,174,ok
174,174,ok
2,174,wrong
174,174,ok
174,174,ok
174,174,ok
223,174,wrong
54,61,wrong
190,188,wrong
251,58,wrong
61,61,ok
6,8,wrong
58,57,wrong
35,60,wrong
95,58,wrong
58,58,ok
253,57,wrong
61,61,ok
58,58,ok
57,60,wrong
93,61,wrong
251,58,wrong
54,61,wrong
58,60,wrong
7,54,wrong
6,58,wrong
219,10,wrong
201,201,ok
119,119,ok
119,119,ok
119,121,wrong
121,121,ok
119,119,ok
119,119,ok
119,119,ok
119,119,ok
119,119,ok
119,119,ok
119,119,ok
119,119,ok
119,119,ok
119,119,ok
119,119,ok
119,119,ok
119,119,ok
119,119,ok
119,119,ok
119,119,ok
109,109,ok
119,119,ok
119,119,ok
201,191,wrong
113,113,ok
119,119,ok
119,119,ok
119,119,ok
191,238,wrong
201,276,wrong
113,113,ok
119,119,ok
69,69,ok
114,113,wrong
119,119,ok
93,93,ok
93,93,ok
97,97,ok
96,96,ok
119,119,ok
47,47,ok
47,47,ok
47,47,ok
2,2,ok
2,2,ok
2,2,ok
2,2,ok
2,2,ok
2,2,ok
2,2,ok
2,2,ok
2,2,ok
2,2,ok
2,2,ok
2,2,ok
2,2,ok
2,2,ok
2,2,ok
258,2,wrong
2,2,ok
2,2,ok
2,2,ok
2,2,ok
119,119,ok
96,96,ok
119,119,ok
119,119,ok
119,119,ok
119,119,ok
119,119,ok
96,96,ok
96,96,ok
119,119,ok
119,119,ok
118,118,ok
119,119,ok
114,114,ok
119,119,ok
96,99,wrong
113,113,ok
93,65,wrong
96,96,ok
96,96,ok
174,184,wrong
115,115,ok
118,118,ok
118,118,ok
119,119,ok
118,118,ok
119,119,ok
119,119,ok
119,118,wrong
118,119,wrong
114,114,ok
119,119,ok
115,115,ok
119,114,wrong
119,119,ok
119,118,wrong
95,109,wrong
133,133,ok
133,133,ok
95,95,ok
251,222,wrong
215,215,ok
215,215,ok
215,215,ok
215,215,ok
215,215,ok
215,215,ok
215,215,ok
215,215,ok
215,215,ok
215,215,ok
215,215,ok
215,215,ok
2,215,wrong
215,215,ok
191,215,wrong
215,215,ok
215,215,ok
215,215,ok
215,215,ok
215,215,ok
283,283,ok
283,283,ok
283,283,ok
283,283,ok
283,283,ok
283,283,ok
283,283,ok
283,283,ok
100,283,wrong
106,283,wrong
283,283,ok
283,283,ok
283,283,ok
283,283,ok
282,283,wrong
283,283,ok
102,283,wrong
102,283,wrong
123,283,wrong
283,283,ok
161,235,wrong
235,235,ok
47,235,wrong
100,100,ok
101,100,wrong
100,100,ok
101,100,wrong
100,100,ok
100,100,ok
100,100,ok
100,100,ok
100,100,ok
100,100,ok
100,100,ok
100,100,ok
100,100,ok
101,100,wrong
101,100,wrong
213,100,wrong
100,100,ok
100,100,ok
100,100,ok
100,100,ok
2,2,ok
2,2,ok
82,2,wrong
2,2,ok
181,32,wrong
210,210,ok
210,210,ok
210,210,ok
210,210,ok
210,210,ok
210,210,ok
210,210,ok
210,210,ok
210,210,ok
210,210,ok
210,210,ok
210,210,ok
210,210,ok
210,210,ok
210,210,ok
210,210,ok
210,210,ok
210,210,ok
210,210,ok
210,210,ok
35,222,wrong
222,222,ok
213,222,wrong
222,222,ok
222,222,ok
222,222,ok
222,222,ok
251,222,wrong
222,222,ok
251,237,wrong
222,222,ok
222,222,ok
222,222,ok
222,222,ok
222,222,ok
222,222,ok
222,222,ok
222,222,ok
222,222,ok
222,222,ok
119,101,wrong
99,99,ok
105,100,wrong
213,100,wrong
109,99,wrong
100,100,ok
88,105,wrong
101,106,wrong
80,104,wrong
105,105,ok
103,103,ok
103,105,wrong
125,105,wrong
100,105,wrong
105,103,wrong
185,106,wrong
99,99,ok
103,100,wrong
268,105,wrong
161,99,wrong
279,196,wrong
251,196,wrong
54,279,wrong
17,47,wrong
113,284,wrong
47,47,ok
139,284,wrong
0,36,wrong
2,284,wrong
70,36,wrong
284,284,ok
54,47,wrong
47,47,ok
14,47,wrong
47,47,ok
56,62,wrong
56,56,ok
284,284,ok
56,56,ok
222,284,wrong
47,47,ok
284,284,ok
17,54,wrong
174,64,wrong
215,215,ok
273,215,wrong
126,111,wrong
215,215,ok
283,38,wrong
217,174,wrong
221,96,wrong
109,215,wrong
115,115,ok
96,97,wrong
70,118,wrong
174,174,ok
126,163,wrong
95,70,wrong
113,118,wrong
76,118,wrong
66,54,wrong
221,58,wrong
47,47,ok
47,47,ok
47,47,ok
47,49,wrong
47,47,ok
54,54,ok
119,119,ok
92,92,ok
118,91,wrong
147,92,wrong
96,96,ok
92,92,ok
92,92,ok
92,92,ok
119,119,ok
92,113,wrong
118,118,ok
92,92,ok
113,92,wrong
92,92,ok
113,113,ok
92,119,wrong
92,92,ok
92,92,ok
92,92,ok
96,92,wrong
95,95,ok
95,95,ok
95,95,ok
95,95,ok
95,95,ok
80,95,wrong
96,158,wrong
161,158,wrong
154,158,wrong
158,158,ok
115,158,wrong
2,158,wrong
6,7,wrong
126,158,wrong
158,158,ok
158,158,ok
158,158,ok
115,158,wrong
158,158,ok
217,158,wrong
158,158,ok
35,158,wrong
158,158,ok
113,158,wrong
73,73,ok
158,158,ok
39,232,wrong
32,232,wrong
70,232,wrong
232,232,ok
174,232,wrong
232,232,ok
191,191,ok
61,191,wrong
191,191,ok
191,191,ok
191,191,ok
191,191,ok
223,11,wrong
181,162,wrong
119,119,ok
147,119,wrong
118,119,wrong
119,35,wrong
213,213,ok
213,213,ok
213,213,ok
213,213,ok
213,213,ok
213,213,ok
213,213,ok
213,213,ok
213,213,ok
213,213,ok
111,213,wrong
213,213,ok
213,213,ok
213,213,ok
213,213,ok
213,213,ok
213,213,ok
213,213,ok
213,213,ok
213,213,ok
273,146,wrong
0,7,wrong
271,188,wrong
191,191,ok
92,92,ok
188,188,ok
188,189,wrong
188,188,ok
188,188,ok
183,188,wrong
82,136,wrong
96,136,wrong
268,136,wrong
194,136,wrong
136,136,ok
136,136,ok
136,136,ok
136,136,ok
29,136,wrong
136,136,ok
174,136,wrong
136,136,ok
268,136,wrong
136,136,ok
118,136,wrong
136,136,ok
238,136,wrong
136,136,ok
136,136,ok
119,136,wrong
273,268,wrong
73,73,ok
73,72,wrong
113,113,ok
113,113,ok
113,113,ok
113,113,ok
113,113,ok
113,113,ok
95,113,wrong
113,113,ok
113,113,ok
267,113,wrong
113,113,ok
113,113,ok
113,113,ok
113,113,ok
113,113,ok
113,113,ok
113,113,ok
113,113,ok
113,113,ok
113,113,ok
115,115,ok
115,115,ok
113,113,ok
115,115,ok
119,115,wrong
121,121,ok
115,115,ok
113,113,ok
113,113,ok
115,115,ok
113,113,ok
121,121,ok
115,121,wrong
119,119,ok
121,121,ok
119,119,ok
115,115,ok
70,121,wrong
113,113,ok
115,115,ok
136,96,wrong
215,207,wrong
207,207,ok
207,207,ok
282,207,wrong
207,207,ok
215,207,wrong
207,207,ok
207,207,ok
202,202,ok
202,202,ok
202,202,ok
202,202,ok
202,202,ok
202,202,ok
202,202,ok
202,202,ok
202,202,ok
202,202,ok
202,202,ok
202,202,ok
202,202,ok
202,202,ok
202,202,ok
202,202,ok
202,202,ok
202,202,ok
202,202,ok
202,202,ok
196,278,wrong
119,119,ok
119,119,ok
119,119,ok
119,119,ok
99,99,ok
119,119,ok
191,191,ok
114,121,wrong
99,109,wrong
113,113,ok
119,119,ok
113,113,ok
119,119,ok
192,192,ok
96,96,ok
113,113,ok
113,113,ok
96,96,ok
113,121,wrong
113,113,ok
155,155,ok
155,155,ok
155,155,ok
257,122,wrong
119,119,ok
79,79,ok
119,119,ok
201,201,ok
119,119,ok
92,271,wrong
95,95,ok
119,119,ok
96,96,ok
119,119,ok
119,119,ok
119,119,ok
113,113,ok
113,113,ok
119,119,ok
113,113,ok
113,113,ok
119,119,ok
119,119,ok
119,119,ok
114,114,ok
119,119,ok
95,95,ok
114,114,ok
114,114,ok
119,119,ok
114,114,ok
119,119,ok
114,114,ok
115,115,ok
119,115,wrong
92,92,ok
114,115,wrong
114,114,ok
158,92,wrong
119,183,wrong
44,215,wrong
183,218,wrong
136,136,ok
136,136,ok
191,136,wrong
136,136,ok
136,136,ok
136,136,ok
136,136,ok
136,136,ok
136,136,ok
174,136,wrong
136,136,ok
136,136,ok
136,136,ok
136,136,ok
136,136,ok
136,136,ok
136,136,ok
136,136,ok
136,136,ok
136,136,ok
105,123,wrong
222,258,wrong
100,100,ok
54,70,wrong
183,2,wrong
213,129,wrong
73,183,wrong
210,119,wrong
119,119,ok
67,100,wrong
210,210,ok
70,281,wrong
73,61,wrong
147,132,wrong
210,210,ok
70,210,wrong
210,210,ok
73,132,wrong
132,132,ok
281,132,wrong
202,202,ok
202,202,ok
202,202,ok
202,202,ok
202,202,ok
202,202,ok
202,202,ok
202,202,ok
202,202,ok
202,202,ok
202,202,ok
202,202,ok
202,202,ok
202,202,ok
202,202,ok
202,202,ok
202,202,ok
202,202,ok
202,202,ok
202,202,ok
17,17,ok
0,248,wrong
189,239,wrong
264,221,wrong
225,175,wrong
174,175,wrong
216,216,ok
262,225,wrong
218,182,wrong
128,265,wrong
82,188,wrong
260,245,wrong
82,191,wrong
260,251,wrong
215,215,ok
180,245,wrong
182,182,ok
151,188,wrong
78,261,wrong
35,182,wrong
260,225,wrong
2,2,ok
2,2,ok
2,2,ok
2,2,ok
2,2,ok
2,2,ok
2,2,ok
2,2,ok
2,2,ok
2,2,ok
2,2,ok
2,2,ok
2,2,ok
2,2,ok
2,2,ok
2,2,ok
2,2,ok
2,2,ok
2,2,ok
2,2,ok
224,224,ok
221,221,ok
213,221,wrong
220,224,wrong
221,221,ok
6,6,ok
10,6,wrong
220,6,wrong
220,220,ok
224,224,ok
128,128,ok
224,6,wrong
10,6,wrong
220,221,wrong
58,224,wrong
221,213,wrong
6,8,wrong
224,6,wrong
199,199,ok
210,199,wrong
199,199,ok
125,199,wrong
197,199,wrong
199,199,ok
210,199,wrong
192,192,ok
262,218,wrong
192,192,ok
76,209,wrong
251,278,wrong
200,200,ok
119,119,ok
96,119,wrong
119,119,ok
119,119,ok
119,119,ok
119,119,ok
96,96,ok
96,96,ok
119,119,ok
119,119,ok
96,96,ok
96,96,ok
119,119,ok
96,96,ok
119,119,ok
200,200,ok
119,119,ok
119,119,ok
119,119,ok
119,119,ok
119,119,ok
119,119,ok
113,113,ok
119,119,ok
119,119,ok
119,119,ok
113,113,ok
128,192,wrong
119,119,ok
119,119,ok
119,119,ok
119,119,ok
119,119,ok
119,119,ok
113,113,ok
113,113,ok
119,119,ok
113,113,ok
113,113,ok
115,167,wrong
119,119,ok
119,119,ok
119,119,ok
119,119,ok
119,119,ok
119,119,ok
119,119,ok
119,119,ok
119,119,ok
119,119,ok
119,119,ok
119,119,ok
119,119,ok
119,119,ok
119,119,ok
119,119,ok
119,119,ok
119,119,ok
119,119,ok
119,119,ok
119,119,ok
119,119,ok
119,114,wrong
119,119,ok
119,119,ok
119,119,ok
119,119,ok
119,119,ok
119,119,ok
119,119,ok
119,119,ok
119,119,ok
119,119,ok
119,119,ok
119,119,ok
119,119,ok
119,119,ok
119,119,ok
117,119,wrong
119,119,ok
103,103,ok
119,119,ok
119,119,ok
119,119,ok
119,119,ok
119,119,ok
119,119,ok
119,119,ok
119,119,ok
119,119,ok
119,119,ok
119,119,ok
119,119,ok
119,119,ok
119,119,ok
119,119,ok
119,119,ok
119,119,ok
119,119,ok
119,119,ok
119,119,ok
32,32,ok
32,32,ok
32,32,ok
32,32,ok
202,32,wrong
32,32,ok
32,32,ok
131,6,wrong
32,32,ok
32,32,ok
32,32,ok
32,32,ok
54,32,wrong
174,32,wrong
32,32,ok
32,32,ok
32,32,ok
161,32,wrong
32,32,ok
118,118,ok
118,119,wrong
160,120,wrong
119,119,ok
93,93,ok
92,92,ok
92,92,ok
92,93,wrong
10,118,wrong
92,93,wrong
119,119,ok
93,93,ok
119,119,ok
93,92,wrong
119,118,wrong
119,119,ok
119,119,ok
119,119,ok
93,92,wrong
119,119,ok
119,119,ok
119,119,ok
119,119,ok
119,119,ok
119,119,ok
119,119,ok
119,119,ok
119,119,ok
119,119,ok
119,119,ok
119,119,ok
119,119,ok
119,119,ok
119,119,ok
119,119,ok
119,119,ok
119,119,ok
119,119,ok
119,119,ok
119,119,ok
113,113,ok
191,191,ok
161,95,wrong
119,119,ok
119,119,ok
13,191,wrong
113,113,ok
113,113,ok
113,113,ok
191,191,ok
73,113,wrong
113,113,ok
191,191,ok
191,191,ok
158,159,wrong
113,85,wrong
96,96,ok
119,119,ok
119,119,ok
192,191,wrong
27,30,wrong
23,27,wrong
223,21,wrong
22,22,ok
22,22,ok
19,20,wrong
27,30,wrong
17,17,ok
17,17,ok
23,23,ok
20,34,wrong
30,30,ok
54,22,wrong
27,27,ok
30,29,wrong
23,27,wrong
23,23,ok
27,27,ok
23,23,ok
29,27,wrong
111,111,ok
0,136,wrong
73,73,ok
73,73,ok
191,73,wrong
73,73,ok
267,73,wrong
73,73,ok
73,73,ok
119,119,ok
119,119,ok
119,119,ok
119,119,ok
119,119,ok
119,119,ok
119,119,ok
119,119,ok
119,119,ok
119,119,ok
119,119,ok
120,120,ok
119,119,ok
119,119,ok
119,119,ok
119,119,ok
119,119,ok
119,119,ok
119,119,ok
119,119,ok
119,119,ok
119,119,ok
119,119,ok
119,119,ok
119,119,ok
119,119,ok
119,119,ok
119,119,ok
119,119,ok
119,119,ok
119,119,ok
119,119,ok
119,119,ok
119,119,ok
119,119,ok
119,119,ok
119,119,ok
113,113,ok
113,113,ok
119,119,ok
113,113,ok
119,119,ok
113,113,ok
113,113,ok
113,113,ok
113,113,ok
119,119,ok
113,113,ok
113,113,ok
113,113,ok
119,119,ok
113,113,ok
119,119,ok
113,113,ok
119,119,ok
119,119,ok
119,119,ok
47,73,wrong
201,201,ok
119,119,ok
119,119,ok
119,120,wrong
119,119,ok
119,119,ok
119,119,ok
83,269,wrong
200,200,ok
119,119,ok
119,119,ok
119,119,ok
200,200,ok
119,119,ok
201,201,ok
119,119,ok
119,119,ok
119,119,ok
119,119,ok
119,119,ok
273,96,wrong
73,73,ok
119,119,ok
127,47,wrong
115,117,wrong
115,115,ok
119,119,ok
115,115,ok
114,114,ok
114,114,ok
119,119,ok
119,119,ok
103,118,wrong
194,119,wrong
115,115,ok
118,118,ok
114,114,ok
212,119,wrong
119,119,ok
114,114,ok
119,119,ok
118,120,wrong
171,171,ok
119,119,ok
238,191,wrong
113,113,ok
119,119,ok
113,269,wrong
96,96,ok
119,119,ok
96,96,ok
191,276,wrong
119,119,ok
50,96,wrong
96,96,ok
171,171,ok
191,160,wrong
119,119,ok
96,96,ok
201,191,wrong
119,119,ok
174,175,wrong
189,189,ok
182,189,wrong
189,184,wrong
189,182,wrong
189,189,ok
239,189,wrong
184,189,wrong
253,253,ok
19,80,wrong
253,253,ok
145,253,wrong
253,253,ok
219,219,ok
219,219,ok
189,259,wrong
189,189,ok
271,189,wrong
32,32,ok
32,32,ok
32,32,ok
32,32,ok
32,32,ok
32,32,ok
32,32,ok
32,32,ok
32,32,ok
32,32,ok
32,32,ok
32,32,ok
32,32,ok
32,32,ok
32,32,ok
32,32,ok
32,32,ok
32,32,ok
32,32,ok
32,32,ok
115,119,wrong
119,119,ok
119,119,ok
113,113,ok
96,96,ok
119,119,ok
109,109,ok
119,119,ok
113,113,ok
95,95,ok
119,119,ok
191,191,ok
119,119,ok
119,119,ok
96,96,ok
119,119,ok
119,119,ok
134,136,wrong
109,99,wrong
119,119,ok
128,128,ok
128,128,ok
128,128,ok
192,128,wrong
119,119,ok
144,146,wrong
192,128,wrong
119,119,ok
144,192,wrong
144,92,wrong
144,119,wrong
192,144,wrong
128,128,ok
123,144,wrong
144,128,wrong
144,192,wrong
128,128,ok
144,144,ok
128,128,ok
191,144,wrong
119,119,ok
119,119,ok
128,128,ok
113,113,ok
191,191,ok
92,93,wrong
192,192,ok
191,191,ok
119,119,ok
119,119,ok
119,160,wrong
193,193,ok
119,121,wrong
171,171,ok
39,39,ok
119,119,ok
113,113,ok
191,160,wrong
119,119,ok
119,119,ok
114,114,ok
119,119,ok
119,119,ok
191,191,ok
119,119,ok
119,119,ok
194,81,wrong
113,113,ok
171,171,ok
119,119,ok
113,113,ok
119,119,ok
119,119,ok
119,119,ok
119,119,ok
113,113,ok
96,96,ok
113,113,ok
119,119,ok
119,119,ok
113,113,ok
118,118,ok
96,96,ok
96,96,ok
119,96,wrong
119,119,ok
201,198,wrong
96,93,wrong
113,113,ok
191,191,ok
113,113,ok
171,174,wrong
119,119,ok
119,119,ok
95,95,ok
119,119,ok
200,200,ok
119,114,wrong
201,191,wrong
174,174,ok
174,85,wrong
177,177,ok
83,83,ok
119,115,wrong
87,85,wrong
83,87,wrong
177,177,ok
88,73,wrong
82,82,ok
82,82,ok
88,88,ok
82,82,ok
88,82,wrong
115,114,wrong
82,82,ok
201,201,ok
85,191,wrong
191,191,ok
201,201,ok
114,115,wrong
219,219,ok
166,219,wrong
219,219,ok
251,166,wrong
86,219,wrong
219,219,ok
219,166,wrong
79,79,ok
79,79,ok
73,82,wrong
283,213,wrong
282,213,wrong
221,221,ok
221,221,ok
221,221,ok
202,202,ok
202,202,ok
202,202,ok
202,202,ok
202,202,ok
202,202,ok
202,202,ok
202,202,ok
202,202,ok
202,202,ok
202,202,ok
202,202,ok
202,202,ok
202,202,ok
202,202,ok
202,202,ok
202,202,ok
202,202,ok
202,202,ok
196,202,wrong
281,70,wrong
73,132,wrong
113,113,ok
269,8,wrong
35,118,wrong
114,114,ok
73,73,ok
187,273,wrong
0,82,wrong
56,68,wrong
191,113,wrong
73,83,wrong
63,63,ok
41,63,wrong
215,136,wrong
6,6,ok
95,113,wrong
35,113,wrong
182,194,wrong
63,63,ok
97,49,wrong
151,151,ok
151,151,ok
151,151,ok
151,151,ok
150,151,wrong
246,151,wrong
151,151,ok
151,151,ok
151,151,ok
102,151,wrong
151,151,ok
120,151,wrong
151,151,ok
154,151,wrong
151,151,ok
151,151,ok
151,151,ok
151,151,ok
184,151,wrong
35,151,wrong
116,73,wrong
92,93,wrong
191,189,wrong
215,192,wrong
136,118,wrong
88,191,wrong
88,88,ok
217,88,wrong
182,88,wrong
191,271,wrong
271,271,ok
217,271,wrong
271,271,ok
189,271,wrong
136,271,wrong
271,271,ok
271,271,ok
136,271,wrong
271,271,ok
161,271,wrong
271,271,ok
271,271,ok
271,271,ok
92,271,wrong
113,271,wrong
136,271,wrong
271,271,ok
32,271,wrong
266,271,wrong
276,276,ok
276,276,ok
276,276,ok
276,276,ok
276,276,ok
276,276,ok
276,276,ok
276,276,ok
276,276,ok
276,276,ok
276,276,ok
276,276,ok
276,276,ok
276,276,ok
276,276,ok
276,276,ok
276,276,ok
276,276,ok
276,276,ok
276,276,ok
119,119,ok
119,119,ok
119,119,ok
119,119,ok
119,119,ok
119,119,ok
119,119,ok
119,119,ok
119,119,ok
119,119,ok
77,77,ok
78,78,ok
77,77,ok
217,125,wrong
78,78,ok
125,125,ok
78,78,ok
132,125,wrong
125,77,wrong
119,78,wrong
267,76,wrong
76,77,wrong
77,77,ok
77,76,wrong
78,78,ok
78,78,ok
78,78,ok
125,77,wrong
132,76,wrong
77,78,wrong
99,99,ok
99,99,ok
99,99,ok
99,99,ok
99,99,ok
99,99,ok
99,99,ok
145,268,wrong
268,268,ok
47,47,ok
47,47,ok
47,47,ok
2,4,wrong
4,2,wrong
2,4,wrong
4,4,ok
0,4,wrong
4,4,ok
4,2,wrong
4,4,ok
2,0,wrong
2,2,ok
273,4,wrong
281,2,wrong
4,2,wrong
158,2,wrong
113,4,wrong
4,2,wrong
2,4,wrong
2,4,wrong
2,2,ok
4,4,ok
96,84,wrong
88,84,wrong
96,84,wrong
171,6,wrong
32,32,ok
32,32,ok
32,32,ok
32,32,ok
181,32,wrong
32,32,ok
202,32,wrong
32,32,ok
32,32,ok
234,32,wrong
32,32,ok
6,32,wrong
191,32,wrong
32,32,ok
32,32,ok
32,32,ok
32,32,ok
32,32,ok
32,32,ok
181,32,wrong
174,174,ok
46,15,wrong
2,221,wrong
96,96,ok
70,70,ok
119,119,ok
19,70,wrong
70,19,wrong
16,13,wrong
19,16,wrong
70,19,wrong
96,96,ok
79,28,wrong
70,70,ok
70,70,ok
113,95,wrong
70,70,ok
96,96,ok
114,114,ok
70,95,wrong
118,119,wrong
16,19,wrong
119,119,ok
181,164,wrong
58,164,wrong
192,192,ok
119,119,ok
119,92,wrong
119,119,ok
119,119,ok
93,92,wrong
119,119,ok
119,119,ok
119,119,ok
113,113,ok
119,119,ok
119,119,ok
119,119,ok
119,119,ok
119,119,ok
119,119,ok
119,119,ok
119,119,ok
119,119,ok
119,119,ok
267,267,ok
267,267,ok
267,267,ok
267,267,ok
267,267,ok
267,267,ok
267,267,ok
191,267,wrong
267,267,ok
267,267,ok
267,267,ok
267,267,ok
267,267,ok
267,267,ok
267,267,ok
267,267,ok
267,267,ok
267,267,ok
267,267,ok
267,267,ok
111,111,ok
111,111,ok
47,92,wrong
115,115,ok
119,119,ok
113,113,ok
119,119,ok
119,119,ok
119,119,ok
119,119,ok
119,119,ok
119,119,ok
113,113,ok
191,194,wrong
119,119,ok
119,119,ok
113,113,ok
119,119,ok
119,119,ok
119,119,ok
119,119,ok
113,113,ok
113,113,ok
100,100,ok
100,100,ok
100,100,ok
100,100,ok
101,101,ok
100,100,ok
100,100,ok
100,100,ok
100,100,ok
100,100,ok
100,100,ok
101,100,wrong
100,100,ok
101,100,wrong
101,100,wrong
100,100,ok
100,100,ok
100,100,ok
100,100,ok
101,100,wrong
10,10,ok
10,10,ok
10,10,ok
10,10,ok
10,10,ok
239,10,wrong
10,10,ok
10,10,ok
10,10,ok
10,10,ok
10,10,ok
10,10,ok
10,10,ok
10,10,ok
119,119,ok
114,114,ok
52,52,ok
52,39,wrong
52,52,ok
52,52,ok
35,52,wrong
52,52,ok
251,52,wrong
52,52,ok
61,52,wrong
52,52,ok
52,52,ok
52,52,ok
136,52,wrong
52,52,ok
35,52,wrong
22,52,wrong
35,35,ok
52,35,wrong
35,52,wrong
95,52,wrong
97,29,wrong
159,159,ok
273,146,wrong
188,146,wrong
82,159,wrong
146,159,wrong
119,119,ok
113,113,ok
113,113,ok
119,119,ok
119,119,ok
119,119,ok
113,113,ok
119,119,ok
119,119,ok
119,119,ok
113,113,ok
113,113,ok
113,113,ok
119,119,ok
113,113,ok
113,113,ok
113,113,ok
119,119,ok
119,119,ok
119,119,ok
220,220,ok
220,6,wrong
220,220,ok
221,224,wrong
220,224,wrong
220,220,ok
220,220,ok
220,6,wrong
220,220,ok
283,220,wrong
220,220,ok
221,221,ok
220,220,ok
6,220,wrong
220,220,ok
220,224,wrong
224,224,ok
220,220,ok
220,220,ok
220,221,wrong
92,92,ok
113,113,ok
73,72,wrong
113,113,ok
113,113,ok
119,119,ok
113,113,ok
113,113,ok
92,93,wrong
118,118,ok
119,119,ok
113,113,ok
93,93,ok
119,119,ok
119,119,ok
119,119,ok
115,115,ok
119,119,ok
113,113,ok
119,119,ok
113,113,ok
113,113,ok
115,115,ok
182,257,wrong
102,102,ok
128,102,wrong
2,280,wrong
2,2,ok
4,2,wrong
2,2,ok
2,2,ok
4,4,ok
2,2,ok
2,0,wrong
4,4,ok
2,2,ok
4,2,wrong
2,2,ok
2,2,ok
2,2,ok
4,4,ok
2,2,ok
4,4,ok
2,2,ok
2,2,ok
2,2,ok
267,267,ok
267,267,ok
267,267,ok
35,35,ok
195,35,wrong
35,35,ok
35,35,ok
35,35,ok
35,35,ok
73,35,wrong
35,35,ok
181,35,wrong
35,35,ok
35,35,ok
35,35,ok
35,35,ok
35,35,ok
151,35,wrong
35,35,ok
6,35,wrong
35,35,ok
35,35,ok
35,35,ok
254,254,ok
254,254,ok
173,174,wrong
174,174,ok
174,174,ok
174,174,ok
174,174,ok
109,111,wrong
2,2,ok
2,2,ok
2,2,ok
2,2,ok
2,2,ok
2,2,ok
2,2,ok
2,2,ok
2,2,ok
2,2,ok
2,2,ok
2,2,ok
2,2,ok
2,2,ok
2,2,ok
2,2,ok
2,2,ok
2,2,ok
2,2,ok
2,2,ok
2,2,ok
2,2,ok
2,2,ok
2,2,ok
2,2,ok
2,2,ok
2,2,ok
2,2,ok
2,2,ok
2,2,ok
2,2,ok
2,2,ok
2,2,ok
2,2,ok
191,191,ok
191,191,ok
191,191,ok
191,191,ok
191,191,ok
191,191,ok
191,191,ok
191,191,ok
191,191,ok
191,191,ok
191,191,ok
191,191,ok
191,191,ok
191,191,ok
191,191,ok
191,191,ok
191,191,ok
191,191,ok
191,191,ok
191,191,ok
174,174,ok
174,174,ok
174,174,ok
191,174,wrong
174,174,ok
174,174,ok
174,174,ok
174,174,ok
174,174,ok
174,174,ok
174,174,ok
174,174,ok
174,174,ok
174,174,ok
174,174,ok
164,174,wrong
174,174,ok
174,174,ok
32,164,wrong
174,174,ok
73,97,wrong
213,265,wrong
100,265,wrong
213,213,ok
213,213,ok
102,111,wrong
217,217,ok
222,217,wrong
73,217,wrong
217,213,wrong
283,217,wrong
106,216,wrong
6,217,wrong
106,123,wrong
217,217,ok
213,106,wrong
123,217,wrong
219,217,wrong
217,217,ok
231,217,wrong
213,217,wrong
145,217,wrong
106,106,ok
106,106,ok
96,96,ok
95,95,ok
119,119,ok
114,93,wrong
113,113,ok
96,174,wrong
119,119,ok
119,119,ok
61,61,ok
120,120,ok
119,119,ok
113,113,ok
96,96,ok
119,119,ok
92,92,ok
118,113,wrong
118,118,ok
200,200,ok
113,114,wrong
113,113,ok
115,115,ok
113,113,ok
115,115,ok
90,90,ok
113,96,wrong
119,119,ok
118,118,ok
4,115,wrong
115,115,ok
93,92,wrong
119,119,ok
119,119,ok
119,119,ok
119,119,ok
114,114,ok
119,119,ok
96,96,ok
93,92,wrong
119,119,ok
118,115,wrong
145,145,ok
136,145,wrong
159,145,wrong
157,145,wrong
145,145,ok
145,145,ok
73,73,ok
73,73,ok
73,73,ok
251,251,ok
251,6,wrong
251,251,ok
251,251,ok
251,251,ok
181,251,wrong
251,251,ok
251,251,ok
251,251,ok
251,251,ok
251,251,ok
251,251,ok
6,251,wrong
251,251,ok
6,169,wrong
6,251,wrong
151,266,wrong
251,251,ok
251,251,ok
251,251,ok
119,119,ok
61,61,ok
61,61,ok
10,10,ok
10,10,ok
171,171,ok
191,238,wrong
95,113,wrong
119,119,ok
119,119,ok
171,171,ok
201,201,ok
119,119,ok
119,119,ok
192,192,ok
113,113,ok
96,96,ok
113,113,ok
119,119,ok
191,191,ok
95,95,ok
119,119,ok
113,113,ok
174,174,ok
119,119,ok
215,215,ok
215,215,ok
147,215,wrong
128,128,ok
128,128,ok
75,75,ok
75,75,ok
128,128,ok
128,128,ok
75,75,ok
128,128,ok
128,128,ok
128,128,ok
75,75,ok
128,128,ok
191,75,wrong
75,75,ok
128,128,ok
128,128,ok
128,128,ok
128,128,ok
128,128,ok
119,75,wrong
113,113,ok
119,119,ok
96,96,ok
119,119,ok
117,119,wrong
119,119,ok
113,119,wrong
113,113,ok
92,92,ok
113,113,ok
113,113,ok
117,92,wrong
113,113,ok
113,113,ok
119,119,ok
92,119,wrong
114,92,wrong
119,117,wrong
119,119,ok
118,113,wrong
192,192,ok
192,192,ok
192,192,ok
73,192,wrong
192,192,ok
192,192,ok
192,192,ok
35,214,wrong
214,35,wrong
215,215,ok
183,215,wrong
215,215,ok
215,215,ok
215,215,ok
215,215,ok
267,129,wrong
51,214,wrong
129,129,ok
129,123,wrong
129,129,ok
129,129,ok
267,129,wrong
129,129,ok
129,129,ok
283,129,wrong
185,41,wrong
73,73,ok
44,73,wrong
114,114,ok
113,113,ok
119,115,wrong
85,113,wrong
114,119,wrong
113,95,wrong
113,119,wrong
92,119,wrong
115,115,ok
136,136,ok
113,136,wrong
136,136,ok
68,136,wrong
136,136,ok
136,136,ok
136,136,ok
136,136,ok
136,136,ok
136,136,ok
136,136,ok
136,136,ok
136,136,ok
136,136,ok
136,136,ok
136,136,ok
136,136,ok
136,136,ok
136,136,ok
136,136,ok
191,191,ok
191,191,ok
191,191,ok
191,191,ok
29,191,wrong
191,191,ok
191,191,ok
191,191,ok
191,191,ok
191,191,ok
191,191,ok
191,191,ok
191,191,ok
191,191,ok
191,191,ok
191,191,ok
191,191,ok
191,191,ok
191,191,ok
191,191,ok
2,6,wrong
158,265,wrong
73,132,wrong
83,73,wrong
80,73,wrong
73,73,ok
132,132,ok
73,73,ok
73,83,wrong
83,132,wrong
147,254,wrong
273,150,wrong
95,95,ok
95,95,ok
70,95,wrong
95,95,ok
95,95,ok
95,95,ok
95,95,ok
95,95,ok
95,95,ok
95,95,ok
95,95,ok
95,95,ok
95,95,ok
95,95,ok
95,95,ok
95,95,ok
95,95,ok
95,95,ok
95,95,ok
95,95,ok
113,113,ok
113,113,ok
215,215,ok
113,113,ok
113,113,ok
113,113,ok
113,113,ok
215,82,wrong
113,113,ok
113,113,ok
213,213,ok
105,244,wrong
250,250,ok
150,169,wrong
244,251,wrong
250,250,ok
250,250,ok
213,213,ok
211,251,wrong
132,228,wrong
276,226,wrong
19,250,wrong
201,201,ok
144,144,ok
119,119,ok
194,175,wrong
96,96,ok
118,118,ok
273,268,wrong
171,119,wrong
92,93,wrong
92,92,ok
118,118,ok
96,96,ok
171,96,wrong
119,119,ok
191,60,wrong
119,119,ok
119,119,ok
113,113,ok
119,119,ok
96,83,wrong
92,93,wrong
44,44,ok
118,44,wrong
151,0,wrong
0,0,ok
0,0,ok
0,0,ok
0,0,ok
0,0,ok
0,0,ok
0,0,ok
57,0,wrong
0,0,ok
0,0,ok
76,0,wrong
0,0,ok
0,0,ok
0,0,ok
0,0,ok
54,0,wrong
136,0,wrong
281,0,wrong
0,0,ok
215,215,ok
113,126,wrong
106,103,wrong
126,126,ok
126,126,ok
213,105,wrong
126,126,ok
99,99,ok
132,126,wrong
126,106,wrong
99,99,ok
99,126,wrong
99,99,ok
126,126,ok
126,126,ok
126,126,ok
99,99,ok
126,126,ok
126,99,wrong
126,126,ok
126,126,ok
97,97,ok
97,97,ok
97,97,ok
97,97,ok
97,97,ok
97,97,ok
97,97,ok
97,97,ok
97,97,ok
97,97,ok
97,97,ok
97,97,ok
97,97,ok
97,97,ok
97,97,ok
97,97,ok
97,97,ok
97,97,ok
97,97,ok
97,97,ok
83,128,wrong
95,95,ok
95,95,ok
2,95,wrong
147,95,wrong
95,95,ok
222,231,wrong
222,222,ok
222,222,ok
222,222,ok
222,222,ok
222,222,ok
222,222,ok
210,210,ok
210,210,ok
210,210,ok
210,210,ok
210,210,ok
210,210,ok
210,210,ok
210,210,ok
210,210,ok
210,210,ok
56,56,ok
54,54,ok
54,54,ok
54,54,ok
54,54,ok
54,54,ok
56,56,ok
56,56,ok
54,54,ok
269,287,wrong
47,47,ok
49,47,wrong
47,47,ok
47,47,ok
47,47,ok
47,47,ok
47,47,ok
47,47,ok
47,47,ok
96,96,ok
69,115,wrong
126,41,wrong
148,47,wrong
119,119,ok
119,119,ok
119,119,ok
119,119,ok
119,119,ok
119,119,ok
119,119,ok
119,119,ok
119,119,ok
119,119,ok
119,119,ok
119,119,ok
119,119,ok
119,119,ok
119,119,ok
119,119,ok
119,119,ok
119,119,ok
119,119,ok
119,119,ok
119,119,ok
113,113,ok
119,119,ok
191,191,ok
113,113,ok
119,119,ok
119,119,ok
191,201,wrong
113,113,ok
188,188,ok
119,119,ok
201,201,ok
113,113,ok
119,119,ok
79,79,ok
113,113,ok
119,119,ok
119,119,ok
113,113,ok
119,119,ok
88,88,ok
88,88,ok
88,88,ok
188,189,wrong
54,56,wrong
88,88,ok
52,54,wrong
113,95,wrong
88,88,ok
191,191,ok
191,215,wrong
88,88,ok
191,191,ok
88,88,ok
262,215,wrong
95,95,ok
88,88,ok
95,95,ok
95,95,ok
88,88,ok
56,56,ok
36,54,wrong
6,139,wrong
54,54,ok
54,54,ok
14,54,wrong
56,56,ok
49,54,wrong
54,54,ok
6,56,wrong
54,56,wrong
54,54,ok
6,139,wrong
56,56,ok
175,54,wrong
56,54,wrong
54,54,ok
54,54,ok
54,54,ok
47,54,wrong
49,47,wrong
47,47,ok
47,47,ok
47,47,ok
47,47,ok
47,47,ok
47,47,ok
47,47,ok
49,47,wrong
47,47,ok
47,47,ok
49,49,ok
47,47,ok
47,47,ok
54,54,ok
54,54,ok
47,47,ok
47,47,ok
47,47,ok
54,54,ok
119,119,ok
119,119,ok
191,267,wrong
119,119,ok
119,119,ok
119,119,ok
79,79,ok
119,119,ok
115,115,ok
119,119,ok
119,119,ok
113,113,ok
119,119,ok
113,113,ok
119,119,ok
119,119,ok
119,119,ok
119,119,ok
119,119,ok
119,119,ok
186,186,ok
186,186,ok
119,119,ok
119,119,ok
119,119,ok
119,119,ok
115,115,ok
119,119,ok
119,119,ok
113,113,ok
119,119,ok
119,119,ok
119,119,ok
119,119,ok
113,113,ok
93,269,wrong
119,119,ok
115,115,ok
119,119,ok
115,115,ok
119,119,ok
113,113,ok
191,215,wrong
210,210,ok
210,210,ok
210,210,ok
210,210,ok
210,210,ok
210,210,ok
210,210,ok
210,210,ok
210,210,ok
210,210,ok
210,210,ok
210,210,ok
210,210,ok
210,210,ok
210,210,ok
210,210,ok
210,210,ok
210,210,ok
210,210,ok
210,210,ok
117,117,ok
119,119,ok
117,117,ok
117,119,wrong
119,119,ok
150,150,ok
150,150,ok
119,119,ok
119,119,ok
150,150,ok
119,119,ok
150,150,ok
114,69,wrong
92,92,ok
92,94,wrong
92,92,ok
119,119,ok
113,113,ok
92,92,ok
92,92,ok
113,113,ok
92,92,ok
94,94,ok
113,113,ok
92,92,ok
94,94,ok
92,92,ok
113,113,ok
113,113,ok
92,92,ok
94,94,ok
92,92,ok
94,90,wrong
192,29,wrong
73,73,ok
73,73,ok
73,73,ok
127,73,wrong
73,73,ok
73,73,ok
73,73,ok
27,73,wrong
73,73,ok
267,73,wrong
73,73,ok
73,73,ok
73,73,ok
73,73,ok
73,73,ok
73,73,ok
73,73,ok
73,73,ok
73,73,ok
73,73,ok
1,1,ok
1,1,ok
174,28,wrong
171,171,ok
113,113,ok
174,174,ok
159,191,wrong
93,93,ok
113,113,ok
119,119,ok
119,119,ok
118,118,ok
113,113,ok
113,113,ok
113,113,ok
119,119,ok
119,119,ok
119,119,ok
192,192,ok
119,119,ok
92,92,ok
119,119,ok
95,97,wrong
184,181,wrong
174,181,wrong
119,119,ok
171,181,wrong
161,178,wrong
115,115,ok
189,121,wrong
158,9,wrong
178,119,wrong
147,94,wrong
119,119,ok
115,115,ok
92,93,wrong
197,232,wrong
213,181,wrong
119,119,ok
115,115,ok
115,119,wrong
128,119,wrong
92,92,ok
119,178,wrong
156,115,wrong
125,125,ok
125,125,ok
125,125,ok
265,125,wrong
125,125,ok
125,125,ok
125,125,ok
213,125,wrong
125,125,ok
125,125,ok
125,125,ok
125,125,ok
125,125,ok
125,125,ok
125,125,ok
125,125,ok
111,125,wrong
125,125,ok
125,125,ok
125,125,ok
0,191,wrong
246,246,ok
239,239,ok
246,246,ok
220,183,wrong
183,183,ok
96,246,wrong
246,246,ok
221,243,wrong
167,184,wrong
246,246,ok
241,241,ok
174,239,wrong
153,247,wrong
246,246,ok
246,246,ok
241,241,ok
184,184,ok
243,221,wrong
174,239,wrong
246,246,ok
96,96,ok
119,119,ok
113,113,ok
119,119,ok
99,175,wrong
118,118,ok
113,113,ok
99,109,wrong
119,119,ok
113,113,ok
109,109,ok
119,119,ok
119,119,ok
119,119,ok
119,119,ok
119,119,ok
113,113,ok
119,119,ok
119,119,ok
119,119,ok
279,259,wrong
2,2,ok
281,281,ok
2,281,wrong
174,2,wrong
281,281,ok
281,281,ok
281,281,ok
281,281,ok
281,2,wrong
281,281,ok
215,2,wrong
158,2,wrong
281,2,wrong
281,281,ok
281,281,ok
281,281,ok
269,2,wrong
215,2,wrong
281,2,wrong
174,4,wrong
2,2,ok
2,2,ok
2,2,ok
2,2,ok
2,2,ok
154,233,wrong
6,236,wrong
2,2,ok
154,251,wrong
2,2,ok
2,2,ok
2,2,ok
123,32,wrong
281,281,ok
73,281,wrong
281,281,ok
281,281,ok
281,281,ok
281,281,ok
281,281,ok
281,281,ok
281,281,ok
281,281,ok
281,281,ok
127,281,wrong
258,258,ok
258,258,ok
88,258,wrong
253,258,wrong
82,258,wrong
258,258,ok
258,258,ok
258,258,ok
253,253,ok
258,258,ok
79,258,wrong
258,258,ok
258,258,ok
258,253,wrong
253,258,wrong
258,258,ok
258,258,ok
258,258,ok
258,258,ok
258,253,wrong
130,268,wrong
122,268,wrong
184,268,wrong
220,220,ok
220,6,wrong
220,220,ok
220,220,ok
220,220,ok
220,220,ok
220,220,ok
220,220,ok
220,220,ok
220,220,ok
224,220,wrong
220,220,ok
6,220,wrong
100,220,wrong
220,220,ok
220,6,wrong
220,220,ok
220,6,wrong
181,6,wrong
119,119,ok
119,119,ok
119,119,ok
119,119,ok
119,119,ok
119,119,ok
119,119,ok
119,119,ok
119,119,ok
119,119,ok
119,119,ok
119,119,ok
119,119,ok
119,119,ok
119,119,ok
119,119,ok
119,119,ok
119,119,ok
119,119,ok
119,119,ok
222,251,wrong
251,251,ok
251,251,ok
221,251,wrong
251,251,ok
251,251,ok
222,251,wrong
105,251,wrong
251,251,ok
251,251,ok
251,251,ok
251,251,ok
161,251,wrong
251,251,ok
224,251,wrong
196,251,wrong
222,251,wrong
251,251,ok
222,251,wrong
251,251,ok
213,213,ok
213,213,ok
213,213,ok
125,213,wrong
213,213,ok
213,213,ok
213,213,ok
95,95,ok
95,95,ok
95,95,ok
102,156,wrong
267,156,wrong
251,86,wrong
130,102,wrong
41,74,wrong
150,197,wrong
205,205,ok
205,205,ok
200,197,wrong
205,205,ok
205,205,ok
200,200,ok
251,201,wrong
205,206,wrong
205,205,ok
200,200,ok
205,205,ok
205,206,wrong
205,197,wrong
200,200,ok
205,205,ok
197,200,wrong
96,205,wrong
210,200,wrong
205,208,wrong
136,222,wrong
222,222,ok
222,222,ok
288,49,wrong
171,53,wrong
0,42,wrong
288,53,wrong
0,45,wrong
103,42,wrong
47,47,ok
47,48,wrong
0,49,wrong
54,45,wrong
17,41,wrong
35,43,wrong
48,47,wrong
115,115,ok
92,92,ok
119,119,ok
192,192,ok
192,192,ok
119,119,ok
96,96,ok
119,119,ok
171,171,ok
121,92,wrong
119,119,ok
174,177,wrong
119,119,ok
93,93,ok
119,119,ok
119,119,ok
93,93,ok
115,115,ok
99,102,wrong
119,119,ok
271,269,wrong
174,191,wrong
276,73,wrong
150,150,ok
195,195,ok
158,195,wrong
195,195,ok
195,195,ok
195,150,wrong
202,150,wrong
195,195,ok
195,195,ok
150,195,wrong
150,150,ok
209,195,wrong
150,195,wrong
195,195,ok
150,195,wrong
195,195,ok
195,150,wrong
195,195,ok
150,150,ok
195,195,ok
203,113,wrong
276,210,wrong
119,119,ok
119,119,ok
88,82,wrong
119,119,ok
119,119,ok
119,119,ok
119,119,ok
119,119,ok
119,119,ok
119,119,ok
113,113,ok
119,119,ok
119,119,ok
69,69,ok
119,119,ok
119,119,ok
113,113,ok
119,119,ok
119,119,ok
119,119,ok
132,132,ok
132,132,ok
77,132,wrong
132,132,ok
132,132,ok
228,132,wrong
132,132,ok
132,132,ok
132,132,ok
132,132,ok
132,132,ok
132,132,ok
132,132,ok
132,132,ok
132,132,ok
132,132,ok
132,132,ok
132,132,ok
132,132,ok
132,132,ok
47,138,wrong
276,82,wrong
128,82,wrong
82,82,ok
82,82,ok
257,134,wrong
2,2,ok
2,2,ok
2,2,ok
2,2,ok
2,2,ok
2,2,ok
2,2,ok
215,2,wrong
2,2,ok
2,2,ok
223,2,wrong
2,2,ok
2,2,ok
2,286,wrong
2,2,ok
2,2,ok
2,2,ok
2,2,ok
2,2,ok
2,2,ok
77,76,wrong
58,76,wrong
88,96,wrong
132,132,ok
76,76,ok
78,132,wrong
76,76,ok
60,78,wrong
88,96,wrong
76,77,wrong
113,78,wrong
140,77,wrong
76,77,wrong
96,76,wrong
78,132,wrong
76,78,wrong
132,77,wrong
77,140,wrong
125,78,wrong
132,132,ok
208,211,wrong
197,211,wrong
211,211,ok
211,211,ok
211,211,ok
211,208,wrong
211,211,ok
211,211,ok
208,196,wrong
203,203,ok
203,202,wrong
196,208,wrong
203,203,ok
196,203,wrong
207,207,ok
207,207,ok
203,203,ok
207,207,ok
203,196,wrong
196,196,ok
208,202,wrong
202,203,wrong
196,202,wrong
203,203,ok
207,207,ok
203,203,ok
121,191,wrong
92,150,wrong
150,150,ok
151,150,wrong
151,150,wrong
150,150,ok
150,150,ok
150,150,ok
150,150,ok
150,150,ok
150,150,ok
150,150,ok
267,150,wrong
150,150,ok
150,150,ok
150,150,ok
150,150,ok
150,150,ok
150,150,ok
150,150,ok
150,150,ok
119,119,ok
119,119,ok
119,119,ok
119,119,ok
119,119,ok
92,92,ok
119,119,ok
119,119,ok
119,119,ok
128,128,ok
191,182,wrong
119,119,ok
113,113,ok
171,171,ok
191,191,ok
119,119,ok
119,119,ok
113,113,ok
119,119,ok
119,119,ok
119,119,ok
215,183,wrong
269,269,ok
189,189,ok
183,184,wrong
191,184,wrong
191,215,wrong
191,192,wrong
191,191,ok
8,191,wrong
189,188,wrong
191,182,wrong
191,191,ok
192,191,wrong
183,215,wrong
215,215,ok
184,174,wrong
191,191,ok
191,191,ok
95,191,wrong
113,113,ok
47,47,ok
47,47,ok
47,47,ok
189,92,wrong
95,95,ok
91,92,wrong
114,114,ok
92,92,ok
113,113,ok
96,96,ok
194,191,wrong
119,115,wrong
119,119,ok
113,113,ok
119,119,ok
119,119,ok
119,119,ok
119,119,ok
200,200,ok
119,119,ok
113,113,ok
119,119,ok
119,119,ok
119,119,ok
96,96,ok
109,109,ok
109,109,ok
109,109,ok
73,267,wrong
265,267,wrong
95,95,ok
95,95,ok
95,95,ok
96,96,ok
96,96,ok
96,95,wrong
95,95,ok
95,95,ok
95,95,ok
95,95,ok
95,95,ok
95,95,ok
95,96,wrong
95,95,ok
96,96,ok
95,95,ok
95,95,ok
96,96,ok
95,95,ok
96,96,ok
119,119,ok
96,267,wrong
119,119,ok
119,119,ok
119,118,wrong
119,119,ok
119,117,wrong
119,119,ok
96,96,ok
96,96,ok
115,119,wrong
119,119,ok
215,215,ok
95,231,wrong
115,115,ok
231,45,wrong
119,119,ok
177,171,wrong
96,121,wrong
118,180,wrong
119,119,ok
132,132,ok
132,132,ok
132,132,ok
132,132,ok
132,132,ok
119,119,ok
113,113,ok
119,119,ok
119,119,ok
119,119,ok
119,119,ok
119,119,ok
119,119,ok
120,119,wrong
119,119,ok
119,119,ok
119,119,ok
119,119,ok
115,115,ok
115,115,ok
119,119,ok
119,119,ok
119,119,ok
119,119,ok
119,119,ok
267,6,wrong
6,5,wrong
7,7,ok
7,7,ok
88,67,wrong
54,67,wrong
73,67,wrong
225,265,wrong
265,254,wrong
119,119,ok
119,119,ok
119,119,ok
119,119,ok
119,119,ok
119,119,ok
119,119,ok
119,119,ok
119,119,ok
119,119,ok
119,119,ok
119,119,ok
119,119,ok
191,182,wrong
96,96,ok
113,113,ok
119,119,ok
119,119,ok
119,119,ok
119,119,ok
119,119,ok
119,119,ok
119,119,ok
119,119,ok
119,119,ok
119,119,ok
119,119,ok
119,119,ok
119,119,ok
119,119,ok
119,119,ok
119,119,ok
119,119,ok
119,119,ok
119,119,ok
119,119,ok
119,119,ok
119,119,ok
119,119,ok
119,119,ok
113,113,ok
119,119,ok
120,120,ok
2,118,wrong
119,119,ok
113,113,ok
119,119,ok
119,119,ok
119,119,ok
119,119,ok
119,119,ok
119,119,ok
119,119,ok
119,119,ok
197,201,wrong
119,119,ok
119,119,ok
119,119,ok
119,119,ok
119,119,ok
119,119,ok
113,113,ok
119,119,ok
119,119,ok
119,119,ok
119,119,ok
113,113,ok
119,119,ok
119,119,ok
119,119,ok
113,113,ok
113,113,ok
119,119,ok
113,113,ok
113,113,ok
119,119,ok
119,119,ok
93,92,wrong
119,119,ok
119,119,ok
119,119,ok
119,114,wrong
96,96,ok
119,119,ok
95,95,ok
92,92,ok
115,115,ok
95,95,ok
119,119,ok
114,114,ok
95,95,ok
115,115,ok
119,114,wrong
119,92,wrong
92,92,ok
119,119,ok
119,119,ok
119,119,ok
119,119,ok
119,119,ok
119,119,ok
119,119,ok
119,119,ok
119,119,ok
119,119,ok
119,119,ok
119,119,ok
119,119,ok
119,119,ok
119,119,ok
119,119,ok
119,119,ok
119,119,ok
119,119,ok
115,115,ok
144,144,ok
119,119,ok
119,119,ok
119,119,ok
191,191,ok
119,201,wrong
119,119,ok
119,119,ok
119,119,ok
192,192,ok
119,119,ok
119,119,ok
119,119,ok
119,119,ok
119,119,ok
191,182,wrong
119,119,ok
119,119,ok
119,119,ok
200,194,wrong
119,119,ok
192,192,ok
119,119,ok
113,113,ok
119,119,ok
191,191,ok
191,182,wrong
168,175,wrong
113,85,wrong
118,174,wrong
85,176,wrong
115,115,ok
96,96,ok
189,188,wrong
96,96,ok
119,119,ok
119,114,wrong
119,119,ok
119,119,ok
114,121,wrong
119,119,ok
113,115,wrong
119,119,ok
119,119,ok
119,119,ok
119,119,ok
119,119,ok
269,269,ok
119,113,wrong
119,119,ok
119,119,ok
222,282,wrong
215,282,wrong
283,282,wrong
282,282,ok
101,100,wrong
100,100,ok
100,100,ok
101,101,ok
100,100,ok
100,100,ok
100,100,ok
100,100,ok
100,100,ok
100,100,ok
100,101,wrong
100,100,ok
100,100,ok
100,100,ok
101,100,wrong
101,100,wrong
101,100,wrong
100,100,ok
101,100,wrong
100,100,ok
100,100,ok
101,100,wrong
100,100,ok
100,100,ok
101,100,wrong
100,100,ok
100,100,ok
100,100,ok
100,100,ok
101,100,wrong
100,100,ok
101,100,wrong
100,100,ok
100,100,ok
100,100,ok
100,100,ok
100,100,ok
101,100,wrong
100,100,ok
100,100,ok
73,73,ok
73,73,ok
73,73,ok
73,73,ok
73,73,ok
73,73,ok
73,73,ok
73,73,ok
73,73,ok
73,73,ok
73,73,ok
73,73,ok
73,73,ok
73,73,ok
73,73,ok
73,73,ok
73,73,ok
73,73,ok
73,73,ok
73,73,ok
281,83,wrong
191,191,ok
119,113,wrong
96,96,ok
119,119,ok
113,113,ok
113,113,ok
113,113,ok
119,119,ok
269,269,ok
113,113,ok
119,119,ok
119,119,ok
119,119,ok
119,119,ok
119,119,ok
113,113,ok
119,119,ok
119,119,ok
119,119,ok
119,119,ok
119,119,ok
119,119,ok
147,147,ok
147,267,wrong
69,147,wrong
147,92,wrong
147,147,ok
0,147,wrong
0,147,wrong
92,147,wrong
93,147,wrong
267,147,wrong
147,147,ok
100,147,wrong
40,147,wrong
283,276,wrong
199,276,wrong
276,276,ok
111,111,ok
111,111,ok
111,111,ok
111,111,ok
111,111,ok
111,111,ok
111,111,ok
111,111,ok
111,111,ok
111,111,ok
111,111,ok
111,111,ok
111,111,ok
111,111,ok
111,111,ok
111,111,ok
111,111,ok
111,111,ok
111,111,ok
103,103,ok
118,118,ok
113,113,ok
119,119,ok
113,113,ok
142,142,ok
119,119,ok
119,119,ok
119,113,wrong
109,109,ok
142,135,wrong
119,119,ok
113,113,ok
126,109,wrong
109,113,wrong
119,119,ok
113,113,ok
126,91,wrong
113,113,ok
119,119,ok
142,142,ok
142,142,ok
182,182,ok
182,182,ok
182,182,ok
191,182,wrong
0,47,wrong
213,47,wrong
119,119,ok
120,120,ok
192,174,wrong
119,119,ok
271,155,wrong
119,119,ok
118,118,ok
99,109,wrong
119,116,wrong
119,119,ok
119,119,ok
119,119,ok
96,96,ok
119,119,ok
119,119,ok
96,96,ok
119,118,wrong
119,119,ok
119,119,ok
118,119,wrong
115,114,wrong
119,119,ok
115,115,ok
92,92,ok
96,96,ok
119,119,ok
113,113,ok
92,92,ok
115,118,wrong
267,283,wrong
283,283,ok
2,2,ok
2,2,ok
223,2,wrong
47,4,wrong
0,223,wrong
223,223,ok
161,0,wrong
222,223,wrong
2,2,ok
2,2,ok
2,223,wrong
2,161,wrong
220,2,wrong
181,2,wrong
2,2,ok
223,223,ok
2,2,ok
223,223,ok
154,2,wrong
223,223,ok
114,114,ok
118,119,wrong
114,118,wrong
118,118,ok
118,118,ok
118,118,ok
118,118,ok
118,118,ok
119,118,wrong
119,118,wrong
118,118,ok
118,118,ok
118,114,wrong
118,118,ok
118,118,ok
113,118,wrong
118,118,ok
118,118,ok
113,118,wrong
118,118,ok
97,97,ok
95,97,wrong
97,97,ok
97,97,ok
97,95,wrong
97,97,ok
97,97,ok
95,97,wrong
97,97,ok
97,97,ok
97,97,ok
97,97,ok
97,97,ok
97,97,ok
97,97,ok
97,97,ok
97,97,ok
97,97,ok
97,97,ok
97,97,ok
173,167,wrong
151,145,wrong
145,145,ok
145,145,ok
145,145,ok
145,145,ok
145,145,ok
145,145,ok
271,161,wrong
58,113,wrong
161,161,ok
158,161,wrong
161,161,ok
161,161,ok
161,161,ok
161,161,ok
161,161,ok
164,164,ok
181,167,wrong
132,126,wrong
232,156,wrong
156,156,ok
232,156,wrong
156,156,ok
156,156,ok
119,119,ok
191,113,wrong
119,119,ok
117,119,wrong
119,119,ok
113,113,ok
113,113,ok
93,188,wrong
119,119,ok
117,119,wrong
113,113,ok
119,119,ok
119,119,ok
113,113,ok
119,119,ok
113,113,ok
119,119,ok
119,119,ok
113,113,ok
119,119,ok
200,131,wrong
131,131,ok
125,128,wrong
128,128,ok
125,126,wrong
122,105,wrong
126,126,ok
105,130,wrong
126,125,wrong
52,105,wrong
132,123,wrong
105,105,ok
283,126,wrong
105,122,wrong
161,126,wrong
128,128,ok
111,111,ok
222,99,wrong
88,105,wrong
126,126,ok
105,110,wrong
128,128,ok
10,10,ok
10,10,ok
10,10,ok
10,10,ok
0,10,wrong
10,10,ok
10,10,ok
10,10,ok
2,2,ok
0,0,ok
223,0,wrong
2,2,ok
2,2,ok
219,1,wrong
2,2,ok
2,2,ok
4,1,wrong
0,281,wrong
0,0,ok
0,0,ok
215,2,wrong
4,4,ok
2,2,ok
0,0,ok
1,4,wrong
0,0,ok
2,281,wrong
0,1,wrong
95,95,ok
95,95,ok
95,95,ok
95,95,ok
95,95,ok
95,95,ok
95,95,ok
95,95,ok
95,95,ok
96,95,wrong
95,95,ok
95,95,ok
95,95,ok
95,95,ok
95,95,ok
95,95,ok
95,95,ok
95,95,ok
95,95,ok
95,95,ok
92,96,wrong
115,115,ok
92,92,ok
114,114,ok
119,119,ok
119,119,ok
96,96,ok
92,92,ok
115,115,ok
119,119,ok
92,39,wrong
114,119,wrong
115,115,ok
119,119,ok
121,119,wrong
115,115,ok
115,115,ok
114,114,ok
96,96,ok
96,96,ok
47,47,ok
139,6,wrong
6,6,ok
6,6,ok
136,6,wrong
6,6,ok
35,6,wrong
6,6,ok
6,6,ok
6,6,ok
6,6,ok
6,6,ok
6,6,ok
6,6,ok
6,6,ok
68,6,wrong
6,6,ok
6,6,ok
113,113,ok
113,113,ok
189,188,wrong
119,119,ok
119,119,ok
119,119,ok
113,113,ok
113,113,ok
119,119,ok
119,119,ok
119,119,ok
113,113,ok
119,119,ok
39,39,ok
95,95,ok
93,93,ok
119,119,ok
119,119,ok
119,119,ok
119,119,ok
283,109,wrong
70,182,wrong
188,190,wrong
188,190,wrong
190,190,ok
192,73,wrong
114,114,ok
159,132,wrong
211,128,wrong
119,210,wrong
192,184,wrong
127,107,wrong
126,103,wrong
269,269,ok
117,19,wrong
35,99,wrong
99,103,wrong
114,114,ok
52,35,wrong
174,28,wrong
132,78,wrong
171,171,ok
92,92,ok
269,269,ok
106,106,ok
2,273,wrong
158,99,wrong
28,168,wrong
44,47,wrong
184,238,wrong
283,169,wrong
106,214,wrong
136,191,wrong
191,191,ok
119,119,ok
113,113,ok
115,115,ok
93,93,ok
113,113,ok
119,119,ok
119,109,wrong
115,115,ok
119,119,ok
119,119,ok
191,191,ok
119,119,ok
119,119,ok
39,39,ok
119,119,ok
119,119,ok
119,119,ok
119,119,ok
178,144,wrong
119,119,ok
96,96,ok
213,213,ok
96,96,ok
213,213,ok
213,213,ok
191,191,ok
191,191,ok
191,191,ok
182,239,wrong
191,191,ok
191,191,ok
191,191,ok
191,191,ok
266,191,wrong
191,191,ok
191,191,ok
191,114,wrong
191,191,ok
191,191,ok
191,191,ok
276,191,wrong
191,191,ok
191,191,ok
191,191,ok
191,191,ok
14,150,wrong
126,150,wrong
251,150,wrong
216,150,wrong
19,150,wrong
251,223,wrong
83,182,wrong
2,213,wrong
125,223,wrong
8,83,wrong
118,189,wrong
0,54,wrong
132,73,wrong
151,32,wrong
2,273,wrong
73,73,ok
251,170,wrong
86,86,ok
174,168,wrong
239,227,wrong
175,167,wrong
132,102,wrong
92,94,wrong
35,125,wrong
119,119,ok
113,113,ok
119,119,ok
119,119,ok
119,119,ok
119,119,ok
96,96,ok
119,119,ok
119,119,ok
119,119,ok
119,119,ok
119,119,ok
119,119,ok
96,96,ok
119,119,ok
119,119,ok
119,119,ok
117,119,wrong
119,192,wrong
118,119,wrong
119,119,ok
119,119,ok
119,119,ok
201,201,ok
119,119,ok
119,119,ok
200,200,ok
113,113,ok
192,192,ok
119,119,ok
119,119,ok
119,119,ok
119,119,ok
85,113,wrong
200,200,ok
119,119,ok
119,119,ok
119,119,ok
119,119,ok
113,113,ok
119,118,wrong
118,119,wrong
117,119,wrong
148,35,wrong
223,223,ok
223,223,ok
223,223,ok
223,223,ok
100,101,wrong
100,101,wrong
100,101,wrong
100,213,wrong
100,101,wrong
100,101,wrong
100,101,wrong
100,101,wrong
214,214,ok
100,101,wrong
101,101,ok
100,101,wrong
100,101,wrong
100,101,wrong
100,101,wrong
100,101,wrong
213,213,ok
101,101,ok
100,101,wrong
100,101,wrong
102,102,ok
106,102,wrong
106,102,wrong
100,100,ok
100,100,ok
95,95,ok
35,96,wrong
281,281,ok
73,141,wrong
281,281,ok
73,73,ok
125,125,ok
105,76,wrong
191,122,wrong
210,210,ok
276,192,wrong
100,100,ok
2,281,wrong
210,210,ok
113,109,wrong
210,210,ok
41,66,wrong
210,210,ok
281,281,ok
281,281,ok
73,73,ok
73,31,wrong
210,210,ok
95,95,ok
151,151,ok
267,143,wrong
145,76,wrong
97,111,wrong
202,229,wrong
214,102,wrong
267,147,wrong
96,96,ok
143,143,ok
231,106,wrong
191,95,wrong
95,113,wrong
210,210,ok
184,191,wrong
281,192,wrong
266,145,wrong
283,216,wrong
153,202,wrong
102,125,wrong
210,72,wrong
6,65,wrong
191,215,wrong
210,125,wrong
267,267,ok
109,124,wrong
210,210,ok
210,210,ok
210,210,ok
210,214,wrong
262,259,wrong
76,266,wrong
192,211,wrong
46,281,wrong
251,166,wrong
114,114,ok
210,211,wrong
66,46,wrong
210,210,ok
281,281,ok
28,114,wrong
128,128,ok
210,210,ok
84,11,wrong
102,73,wrong
73,73,ok
105,251,wrong
266,125,wrong
70,152,wrong
281,281,ok
210,210,ok
145,210,wrong
184,184,ok
184,183,wrong
268,182,wrong
73,192,wrong
192,73,wrong
184,184,ok
150,150,ok
124,124,ok
184,188,wrong
211,210,wrong
210,210,ok
124,124,ok
281,210,wrong
143,184,wrong
73,73,ok
148,86,wrong
88,86,wrong
86,86,ok
151,79,wrong
73,88,wrong
130,88,wrong
86,79,wrong
92,92,ok
92,92,ok
92,90,wrong
92,92,ok
92,92,ok
92,92,ok
92,92,ok
53,92,wrong
92,92,ok
19,19,ok
19,19,ok
19,19,ok
213,32,wrong
132,101,wrong
28,47,wrong
47,17,wrong
47,47,ok
47,47,ok
41,47,wrong
54,17,wrong
47,47,ok
47,47,ok
28,28,ok
19,19,ok
47,47,ok
28,28,ok
47,28,wrong
47,47,ok
47,47,ok
28,19,wrong
47,47,ok
47,14,wrong
68,47,wrong
47,47,ok
32,32,ok
119,119,ok
119,119,ok
119,119,ok
119,119,ok
119,119,ok
119,119,ok
119,119,ok
119,119,ok
119,119,ok
117,119,wrong
119,119,ok
119,119,ok
119,119,ok
119,119,ok
119,119,ok
119,119,ok
119,119,ok
119,119,ok
119,119,ok
119,119,ok
276,276,ok
128,273,wrong
276,276,ok
95,273,wrong
276,276,ok
251,273,wrong
201,276,wrong
35,276,wrong
276,276,ok
273,273,ok
189,276,wrong
276,276,ok
276,276,ok
268,276,wrong
276,276,ok
194,273,wrong
276,276,ok
2,273,wrong
201,276,wrong
102,276,wrong
97,97,ok
97,97,ok
94,97,wrong
97,97,ok
97,97,ok
97,97,ok
97,97,ok
97,97,ok
97,97,ok
97,97,ok
150,97,wrong
97,97,ok
97,97,ok
97,97,ok
119,119,ok
215,159,wrong
119,119,ok
119,119,ok
119,119,ok
32,32,ok
159,159,ok
32,32,ok
119,119,ok
32,32,ok
119,119,ok
96,96,ok
159,215,wrong
159,159,ok
119,119,ok
171,171,ok
119,119,ok
88,159,wrong
113,113,ok
119,171,wrong
96,119,wrong
58,61,wrong
47,47,ok
119,92,wrong
95,96,wrong
258,32,wrong
32,32,ok
32,32,ok
32,32,ok
32,32,ok
32,32,ok
32,32,ok
63,63,ok
223,223,ok
46,46,ok
63,63,ok
51,51,ok
217,11,wrong
188,66,wrong
251,51,wrong
125,172,wrong
63,63,ok
156,151,wrong
171,51,wrong
223,223,ok
95,52,wrong
214,51,wrong
52,52,ok
122,50,wrong
11,223,wrong
119,119,ok
119,119,ok
96,96,ok
96,96,ok
95,95,ok
119,119,ok
153,153,ok
95,96,wrong
119,119,ok
92,153,wrong
161,96,wrong
119,119,ok
47,119,wrong
153,153,ok
29,29,ok
29,29,ok
29,29,ok
29,29,ok
29,29,ok
29,29,ok
128,29,wrong
29,29,ok
29,29,ok
29,29,ok
29,29,ok
29,29,ok
29,29,ok
29,29,ok
174,29,wrong
29,29,ok
92,29,wrong
29,29,ok
281,29,wrong
29,29,ok
184,184,ok
215,215,ok
191,182,wrong
188,188,ok
2,192,wrong
174,174,ok
73,192,wrong
191,182,wrong
68,188,wrong
183,183,ok
183,183,ok
191,192,wrong
191,192,wrong
192,182,wrong
184,184,ok
183,183,ok
184,184,ok
182,182,ok
185,189,wrong
183,183,ok
260,260,ok
260,260,ok
136,260,wrong
260,260,ok
260,260,ok
260,260,ok
260,260,ok
260,260,ok
260,260,ok
260,260,ok
260,260,ok
260,260,ok
260,260,ok
260,260,ok
58,260,wrong
260,260,ok
115,260,wrong
260,260,ok
260,260,ok
260,260,ok
119,114,wrong
102,102,ok
113,28,wrong
119,119,ok
113,113,ok
119,119,ok
119,119,ok
99,99,ok
119,119,ok
39,39,ok
39,39,ok
115,115,ok
174,177,wrong
119,119,ok
119,118,wrong
119,119,ok
113,113,ok
113,113,ok
119,119,ok
174,174,ok
119,119,ok
115,115,ok
119,119,ok
